Sponsor,Ongoing trials,Phase 3 trials,Total trials in scope
"Sichuan Baili Pharmaceutical Co., Ltd.",135,35,135
"Qilu Pharmaceutical Co., Ltd.",101,44,105
"Suzhou Suncadia Biopharmaceuticals Co., Ltd.",72,24,75
"Chia Tai Tianqing Pharmaceutical Group Co., Ltd.",66,22,95
Shanghai Henlius Biotech,56,15,57
"Jiangsu Hansoh Pharmaceutical Co., Ltd.",54,11,57
"Changchun GeneScience Pharmaceutical Co., Ltd.",50,9,57
"Haisco Pharmaceutical Group Co., Ltd.",48,15,59
"Sichuan Kelun-Biotech Biopharmaceutical Co., Ltd.",44,12,55
W.L.Gore & Associates,40,0,43
"CSPC ZhongQi Pharmaceutical Technology Co., Ltd.",38,14,41
Hansoh BioMedical R&D Company,37,10,37
Power Life Sciences Inc.,37,0,37
"Shandong Suncadia Medicine Co., Ltd.",36,13,63
Institut Pasteur,36,1,37
"CSPC Megalith Biopharmaceutical Co.,Ltd.",36,12,36
"Hangzhou Zhongmei Huadong Pharmaceutical Co., Ltd.",34,12,38
Genmab,32,15,46
"Chia Tai Tianqing Pharmaceutical Group Nanjing Shunxin Pharmaceutical Co., Ltd.",32,7,40
Beijing Biotech,32,0,32
"Fujian Shengdi Pharmaceutical Co., Ltd.",31,11,43
Aesculap AG,29,0,36
Daewoong Pharmaceutical Co. LTD.,29,10,35
Medacta International SA,29,0,32
Shanghai JMT-Bio Inc.,29,15,30
"RemeGen Co., Ltd.",28,13,38
Sinocelltech Ltd.,28,10,29
"Chongqing Precision Biotech Co., Ltd",27,0,32
ViiV Healthcare,26,13,38
Ascentage Pharma Group Inc.,26,7,28
"Beijing InnoCare Pharma Tech Co., Ltd.",26,9,28
Keymed Biosciences Co.Ltd,26,5,28
Gan & Lee Pharmaceuticals.,26,13,27
Addpharma Inc.,24,5,29
Biocad,24,13,25
InSightec,23,1,42
"Suzhou Zelgen Biopharmaceuticals Co.,Ltd",23,8,29
"Boryung Pharmaceutical Co., Ltd",23,1,25
Research Inc,23,0,24
"MediLink Therapeutics (Suzhou) Co., Ltd.",23,7,23
"Smith & Nephew, Inc.",22,0,40
"ImmunityBio, Inc.",22,6,34
Essilor International,22,0,28
Shanghai Fosun Pharmaceutical Industrial Development Co. Ltd.,22,5,26
"Mabwell (Shanghai) Bioscience Co., Ltd.",22,6,25
"Shenyang Sunshine Pharmaceutical Co., LTD.",22,1,22
"Wecare Probiotics Co., Ltd.",21,0,37
"Abbisko Therapeutics Co, Ltd",21,1,24
"Efforia, Inc",21,0,24
"Lifetech Scientific (Shenzhen) Co., Ltd.",21,0,22
Alpha Tau Medical LTD.,20,0,23
Société des Produits Nestlé (SPN),19,0,36
Cochlear,19,0,30
Grit Biotechnology,19,0,30
"Sinovac Biotech Co., Ltd",19,13,26
Vanda Pharmaceuticals,19,16,25
Jemincare,19,3,22
"Jiangsu Simcere Pharmaceutical Co., Ltd.",19,3,22
"Shenzhen Salubris Pharmaceuticals Co., Ltd.",18,5,24
"Sunshine Guojian Pharmaceutical (Shanghai) Co., Ltd.",18,10,24
Dizal Pharmaceuticals,18,4,22
iOMEDICO AG,17,0,22
"Jiangsu Alphamab Biopharmaceuticals Co., Ltd",17,4,18
Minghui Pharmaceutical (Hangzhou) Ltd,17,7,18
Radicle Science,16,0,38
Galderma R&D,16,6,36
"Agios Pharmaceuticals, Inc.",16,10,20
Hamad Medical Corporation,16,0,20
Shanghai Juncell Therapeutics,16,0,19
"Shanghai Chia Tai Tianqing Pharmaceutical Technology Development Co., Ltd.",16,6,16
"Truway Health, Inc.",16,0,16
Acerta Pharma BV,15,6,19
"Shandong New Time Pharmaceutical Co., LTD",15,6,19
"InventisBio Co., Ltd",15,3,18
Philogen S.p.A.,15,2,18
"Chengdu Zenitar Biomedical Technology Co., Ltd",15,2,17
"Betta Pharmaceuticals Co., Ltd.",15,1,15
MicroPort Orthopedics Inc.,15,0,15
Miltenyi Biomedicine GmbH,15,0,15
Colgate Palmolive,14,33,45
Alcon Research,14,8,37
"Sunshine Lake Pharma Co., Ltd.",14,5,27
CanSino Biologics Inc.,14,8,20
EMS,14,19,20
"Tasly Pharmaceutical Group Co., Ltd",14,11,18
"CSPC Zhongnuo Pharmaceutical (Shijiazhuang) Co., Ltd.",14,5,16
Luye Pharma Group Ltd.,14,3,16
Shanghai Institute Of Biological Products,14,1,15
"Shanghai Pharmaceuticals Holding Co., Ltd",14,2,15
"Genrix (Shanghai) Biopharmaceutical Co., Ltd.",14,4,14
"Shanghai Minwei Biotechnology Co., Ltd",13,1,21
MED-EL Elektromedizinische Geräte GesmbH,13,0,20
Biohaven Therapeutics Ltd.,13,7,19
"Taiho Oncology, Inc.",13,4,19
"Nanjing Leads Biolabs Co.,Ltd",13,1,17
Limacorporate S.p.a,13,0,16
"Allist Pharmaceuticals, Inc.",13,6,14
"Genoss Co., Ltd.",13,0,13
LaNova Medicines Limited,13,1,13
Arrowhead Pharmaceuticals,12,8,46
Chong Kun Dang Pharmaceutical,12,2,23
"Intra-Cellular Therapies, Inc.",12,13,23
"Jiangsu vcare pharmaceutical technology co., LTD",12,5,17
"Chipscreen Biosciences, Ltd.",12,5,16
"Mirum Pharmaceuticals, Inc.",12,6,16
ChinaNorm,12,0,14
HK inno.N Corporation,12,3,14
JOTEC GmbH,12,0,14
"BrightGene Bio-Medical Technology Co., Ltd.",12,4,13
"CSPC Ouyi Pharmaceutical Co., Ltd.",12,6,13
Guangzhou Lupeng Pharmaceutical Company LTD.,12,1,13
"PersonGen BioTherapeutics (Suzhou) Co., Ltd.",12,0,12
"SightGlass Vision, Inc.",12,0,12
"TG Therapeutics, Inc.",12,4,12
Valenta Pharm JSC,12,1,12
RDC Clinical Pty Ltd,11,6,21
"Almirall, S.A.",11,5,17
"Deciphera Pharmaceuticals, LLC",11,3,15
Evopoint Biosciences Inc.,11,3,14
Nutricia Research,11,0,14
Vigonvita Life Sciences,11,0,14
"Guangdong Raynovent Biotech Co., Ltd",11,5,13
"Beijing Mabworks Biotech Co., Ltd.",11,4,12
Genfleet Therapeutics (Shanghai) Inc.,11,2,12
"Aspargo Labs, Inc",11,0,11
"Avistone Biotechnology Co., Ltd.",11,2,11
Changchun BCHT Biotechnology Co.,11,3,11
DualityBio Inc.,11,2,11
IDEAYA Biosciences,11,3,11
Juventas Cell Therapy Ltd.,11,0,11
"Microvention-Terumo, Inc.",11,0,11
Viome,11,0,11
"Xuanzhu Biopharmaceutical Co., Ltd.",11,4,11
Swedish Orphan Biovitrum,10,8,23
"Beijing Suncadia Pharmaceuticals Co., Ltd",10,6,17
"Lepu Biopharma Co., Ltd.",10,3,16
PT. Prodia Stem Cell Indonesia,10,1,13
RAI Services Company,10,0,13
"Ausper Biopharma Co., Ltd.",10,1,12
Biotheus Inc.,10,2,12
Rocket Pharmaceuticals Inc.,10,0,12
"Sichuan Huiyu Pharmaceutical Co., Ltd",10,0,12
"Xiamen Amoytop Biotech Co., Ltd.",10,3,12
Cullinan Therapeutics Inc.,10,0,11
"Verastem, Inc.",10,1,11
4D Molecular Therapeutics,10,3,10
Ceric Sàrl,10,0,10
Exactech,10,0,10
Fisher and Paykel Healthcare,10,0,10
MAXVAX Biotechnology Limited Liability Company,10,4,10
Nanjing Chia-tai Tianqing Pharmaceutical,10,4,10
"Nanjing IASO Biotechnology Co., Ltd.",10,1,10
"Rhaeos, Inc.",10,0,10
"Stemline Therapeutics, Inc.",10,1,10
"SUNHO（China）BioPharmaceutical CO., Ltd.",10,2,10
HALEON,9,1,29
Bio-Thera Solutions,9,5,23
"Dong-A ST Co., Ltd.",9,1,18
Pierre Fabre Medicament,9,2,17
"TCI Co., Ltd.",9,0,15
Laboratoires Thea,9,1,14
Perspectum,9,0,14
Withings,9,0,14
Yuhan Corporation,9,3,14
"Target PharmaSolutions, Inc.",9,0,13
Biotronik SE & Co. KG,9,0,12
GC Biopharma Corp,9,4,11
"InxMed (Shanghai) Co., Ltd.",9,1,11
"The United Bio-Technology (Hengqin) Co., Ltd.",9,5,11
Brainfarma Industria Química e Farmacêutica S/A,9,2,10
Inmunotek S.L.,9,5,10
Occlutech International AB,9,0,10
"Replimune, Inc.",9,2,10
"Shanghai Huaota Biopharmaceutical Co., Ltd.",9,2,10
Shanghai Mabgeek Biotech.Co.Ltd,9,6,10
"ADARx Pharmaceuticals, Inc.",9,2,9
"Beijing Konruns Pharmaceutical Co., Ltd.",9,2,9
"Beijing Tide Pharmaceutical Co., Ltd",9,1,9
HC Biopharma Inc.,9,0,9
"Hebei Senlang Biotechnology Inc., Ltd.",9,0,9
"Shenzhen TargetRx Co., Ltd.",9,2,9
"TYK Medicines, Inc",9,1,9
PepsiCo Global R&D,8,0,24
"Arcus Biosciences, Inc.",8,3,16
BTL Industries Ltd.,8,0,16
Coloplast A/S,8,0,16
"Karuna Therapeutics, Inc., a Bristol Myers Squibb company",8,10,15
"BioRay Pharmaceutical Co., Ltd.",8,2,14
Ivoclar Vivadent AG,8,0,14
Blueprint Medicines Corporation,8,1,13
ConvaTec Inc.,8,0,13
Longbio Pharma,8,1,13
"Sinovac Life Sciences Co., Ltd.",8,4,13
BeBetter Med Inc,8,3,12
"Clinical Nutrition Research Center, Illinois Institute of Technology",8,0,11
"Hangzhou Sumgen Biotech Co., Ltd.",8,1,11
"Xencor, Inc.",8,0,11
"Ganzhou Hemay Pharmaceutical Co., Ltd",8,2,10
Karyopharm Therapeutics Inc,8,4,10
Praxis Precision Medicines,8,7,10
RECORDATI GROUP,8,0,10
InSilico Medicine Hong Kong Limited,8,1,9
"NuScience Medical Biologics, LLC",8,0,9
"OncoC4, Inc.",8,2,9
"Shanghai Argo Biopharmaceutical Co., Ltd.",8,0,9
"Shanghai Cell Therapy Group Co.,Ltd",8,0,9
"Shenzhen Core Medical Technology CO.,LTD.",8,0,9
Telix Pharmaceuticals (Innovations) Pty Limited,8,5,9
Aktiia SA,8,0,8
"Applied Biology, Inc.",8,4,8
BicycleTx Limited,8,0,8
BioSensics,8,0,8
"CARsgen Therapeutics Co., Ltd.",8,0,8
Gene Solutions,8,0,8
GeneCradle Inc,8,1,8
"Guangzhou JOYO Pharma Co., Ltd",8,3,8
Hubei Bio-Pharmaceutical Industrial Technological Institute Inc.,8,0,8
Hudson Biotech,8,1,8
iVascular S.L.U.,8,1,8
"JCR Pharmaceuticals Co., Ltd.",8,3,8
Kerecis Ltd.,8,0,8
NovelMed Therapeutics,8,0,8
Onconic Therapeutics Inc.,8,3,8
"Pharmazz, Inc.",8,3,8
"R-Pharm International, LLC",8,4,8
"RayzeBio, Inc.",8,1,8
"Shanghai Vitalgen BioPharma Co., Ltd.",8,2,8
"Shanghai Yidian Pharmaceutical Technology Development Co., Ltd.",8,0,8
"Suzhou Abogen Biosciences Co., Ltd.",8,1,8
"Suzhou Alphamab Co., Ltd.",8,3,8
TCRx Therapeutics Co.Ltd,8,0,8
"TORL Biotherapeutics, LLC",8,0,8
Xeltis,8,0,8
LEO Pharma,7,7,25
Eurofarma Laboratorios S.A.,7,21,22
"Beijing Continent Pharmaceutical Co, Ltd.",7,5,15
Debiopharm International SA,7,2,15
JW Pharmaceutical,7,3,15
LG Chem,7,3,14
"Chengdu Suncadia Medicine Co., Ltd.",7,3,13
"GT Metabolic Solutions, Inc.",7,0,13
Amicus Therapeutics,7,6,11
"Daewon Pharmaceutical Co., Ltd.",7,2,11
Efferon JSC,7,0,11
"Jacobio Pharmaceuticals Co., Ltd.",7,0,11
"Sumitomo Pharma America, Inc.",7,1,11
"Beijing QL Biopharmaceutical Co.,Ltd",7,1,10
Celldex Therapeutics,7,4,10
Emergent BioSolutions,7,1,10
"Hangzhou Highlightll Pharmaceutical Co., Ltd",7,4,10
L'Oreal,7,0,10
"Chengdu Kanghong Pharmaceutical Group Co., Ltd.",7,3,9
"CorrectSequence Therapeutics Co., Ltd",7,0,9
Nutricia UK Ltd,7,0,9
Oticon Medical,7,0,9
"Beijing Biostar Pharmaceuticals Co., Ltd.",7,2,8
BioGaia AB,7,0,8
"China Immunotech (Beijing) Biotechnology Co., Ltd.",7,0,8
"Eko Devices, Inc.",7,0,8
Geneplus-Beijing Co. Ltd.,7,0,8
Lexeo Therapeutics,7,0,8
REGENXBIO Inc.,7,3,8
Rise Therapeutics LLC,7,0,8
"Shape Memory Medical, Inc.",7,0,8
Sinotau Pharmaceutical Group,7,4,8
"USWM CT, LLC",7,0,8
Acandis GmbH,7,0,7
"Beijing Immunochina Medical Science & Technology Co., Ltd.",7,0,7
Bioray Laboratories,7,0,7
Biotronik AG,7,0,7
Bolton Medical,7,0,7
"BrosMed Medical Co., Ltd",7,0,7
Excyte Biopharma Ltd,7,0,7
Getz Pharma,7,1,7
"Guangzhou Patronus Biotech Co., Ltd.",7,0,7
"Hangzhou Huasai Biomedicine Co., Ltd.",7,0,7
"Jiangsu Famous Medical Technology Co., Ltd.",7,1,7
"Jiangxi Kvvit Pharmaceutical Co., Ltd.",7,3,7
Kind Pharmaceuticals LLC,7,2,7
Kumquat Biosciences Inc.,7,0,7
MedImmune LLC,7,0,7
Multitude Therapeutics Inc.,7,1,7
"Nuwacell Biotechnologies Co., Ltd.",7,0,7
"Radiopharm Theranostics, Ltd",7,0,7
"Shanghai Jiatan Pharmatech Co., Ltd",7,2,7
"Shanghai MicroPort EP MedTech Co., Ltd.",7,0,7
"Tyra Biosciences, Inc",7,0,7
Vascutek Ltd.,7,0,7
Wandercraft,7,0,7
XVIVO Perfusion,7,0,7
Qualia Life Sciences,6,0,14
Crinetics Pharmaceuticals Inc.,6,5,13
Zealand Pharma,6,5,13
Ascendis Pharma A/S,6,3,11
Alfasigma S.p.A.,6,6,10
Eikon Therapeutics,6,2,10
"GI Windows, Inc.",6,0,10
"Vir Biotechnology, Inc.",6,2,10
AskBio Inc,6,0,9
"Binhui Biopharmaceutical Co., Ltd.",6,1,9
"Jecho Biopharmaceuticals Co., Ltd.",6,1,9
PharmaEssentia,6,3,9
Septodont,6,0,9
"Travere Therapeutics, Inc.",6,4,9
"Chongqing Peg-Bio Biopharm Co., Ltd.",6,1,8
"Il-Yang Pharm. Co., Ltd.",6,4,8
Kailera,6,3,8
Lumos Pharma,6,2,8
"MMI (Medical Microinstruments, Inc.)",6,0,8
Pharming Technologies B.V.,6,3,8
Polares Medical SA,6,0,8
Serum Institute of India Pvt. Ltd.,6,2,8
"Societe dEtude, de Recherche et de Fabrication",6,0,8
SystImmune Inc.,6,1,8
Urotronic Inc.,6,0,8
"Wuhan Createrna Science and Technology Co., Ltd",6,4,8
"Zhejiang Doer Biologics Co., Ltd.",6,2,8
"3D Medicines (Sichuan) Co., Ltd.",6,2,7
AlloSource,6,0,7
"Aragon Pharmaceuticals, Inc.",6,4,7
Atridia Pty Ltd.,6,0,7
Autolus Limited,6,0,7
Fate Therapeutics,6,0,7
FH ORTHO,6,0,7
"Hangzhou Endonom Medtech Co., Ltd.",6,0,7
"Hangzhou Sciwind Biosciences Co., Ltd.",6,4,7
"HistoSonics, Inc.",6,0,7
Idorsia Pharmaceuticals Ltd.,6,3,7
Immunocore Ltd,6,2,7
"Inception Fertility Research Institute, LLC",6,0,7
Intellia Therapeutics,6,3,7
"Jiangsu Aosaikang Pharmaceutical Co., Ltd.",6,2,7
"Kura Oncology, Inc.",6,1,7
Molnlycke Health Care AB,6,0,7
"Nurix Therapeutics, Inc.",6,1,7
"Pacira Pharmaceuticals, Inc",6,1,7
"Shanghai Fudan-Zhangjiang Bio-Pharmaceutical Co., Ltd.",6,2,7
"Shanghai MicroPort CardioFlow Medtech Co., Ltd.",6,0,7
"Shanghai Shenqi Medical Technology Co., Ltd",6,0,7
"Zenas BioPharma (USA), LLC",6,4,7
"Adverum Biotechnologies, Inc.",6,2,6
"AgNovos Healthcare, LLC",6,0,6
Anabio R&D,6,0,6
Asklepios proresearch,6,0,6
Aura Biosciences,6,1,6
Aziende Chimiche Riunite Angelini Francesco S.p.A,6,0,6
Bambusa Therapeutics,6,0,6
Bavarian Nordic,6,3,6
Beam Therapeutics Inc.,6,0,6
"Beijing Geekgene Technology Co., LTD",6,0,6
Biosensors Europe SA,6,0,6
Candela Corporation,6,0,6
CareDx,6,0,6
"Chengdu Kangnuoxing Biopharma,Inc.",6,2,6
"Cogent Biosciences, Inc.",6,1,6
Concept Medical Inc.,6,1,6
"Convalife (Shanghai) Co., Ltd.",6,0,6
CoreAalst BV,6,0,6
Frontera Therapeutics,6,0,6
Genetix Biotherapeutics Inc.,6,1,6
Guangzhou Jiayin Biotech Ltd,6,0,6
"Guangzhou Virotech Pharmaceutical Co., Ltd.",6,1,6
"Hangzhou DAC Biotechnology Co., Ltd.",6,0,6
"Hangzhou Valgen Medtech Co., Ltd",6,0,6
"Helixon Biotechnology (Suzhou) Co., Ltd",6,0,6
"HELP Therapeutics Co., Ltd.",6,1,6
HJN Sverige AB/Neko Health,6,0,6
"Hrain Biotechnology Co., Ltd.",6,0,6
iCell Gene Therapeutics,6,0,6
Impulse Dynamics,6,0,6
"Innostellar Biotherapeutics Co.,Ltd",6,2,6
"iRegene Therapeutics Co., Ltd.",6,0,6
iSTAR Medical,6,0,6
"Kriya Therapeutics, Inc.",6,0,6
"Liquidia Technologies, Inc.",6,3,6
Luminary Therapeutics,6,0,6
M.A. Med Alliance S.A.,6,0,6
Neuralink Corp,6,0,6
NewAmsterdam Pharma,6,3,6
"Newish Biotech (Wuxi) Co., Ltd.",6,0,6
"NS Pharma, Inc.",6,0,6
Ocugen,6,3,6
"Ponce Medical School Foundation, Inc.",6,0,6
PT Bio Farma,6,3,6
"ReCor Medical, Inc.",6,0,6
"Shanghai Jiaolian Drug Research and Development Co., Ltd",6,4,6
"Shanghai NewMed Medical Co., Ltd.",6,0,6
"Shanghai Runshi Pharmaceutical Technology Co., Ltd",6,2,6
"Sinovac (Dalian) Vaccine Technology Co., Ltd.",6,2,6
Sofwave Medical LTD,6,0,6
"TransThera Sciences (Nanjing), Inc.",6,2,6
"Xynomic Pharmaceuticals, Inc.",6,1,6
Zhaoke (Guangzhou) Ophthalmology Pharmaceutical Ltd.,6,4,6
Laboratorios Sophia S.A de C.V.,5,3,15
Össur Iceland ehf,5,0,14
Lacer S.A.,5,0,13
Amazentis SA,5,0,11
"Edgewise Therapeutics, Inc.",5,0,10
MoonLake Immunotherapeutics AG,5,7,10
"Pharmicell Co., Ltd.",5,2,10
"Avidity Biosciences, Inc.",5,4,9
"Joincare Pharmaceutical Group Industry Co., Ltd",5,2,9
Rousselot BVBA,5,0,9
"Shanghai Ark Biopharmaceutical Co., Ltd.",5,4,9
"Taizhou Mabtech Pharmaceutical Co.,Ltd",5,4,9
Allogene Therapeutics,5,0,8
"Caliway Biopharmaceuticals Co., Ltd.",5,3,8
Cook Research Incorporated,5,0,8
CRISPR Therapeutics AG,5,0,8
CStone Pharmaceuticals,5,3,8
Huahui Health,5,2,8
"Hunan Kelun Pharmaceutical Co., Ltd.",5,0,8
"Kissei Pharmaceutical Co., Ltd.",5,3,8
MacroGenics,5,0,8
"Neurodawn Pharmaceutical Co., Ltd.",5,1,8
"Oneness Biotech Co., Ltd.",5,1,8
Radiometer Medical ApS,5,0,8
"Spyre Therapeutics, Inc.",5,0,8
Valneva Austria GmbH,5,2,8
"Anhui Zhifei Longcom Biologic Pharmacy Co., Ltd.",5,3,7
Cabaletta Bio,5,2,7
Candid Therapeutics,5,0,7
"CellSight Technologies, Inc.",5,0,7
"Coherus Oncology, Inc.",5,0,7
"Definium Therapeutics US, Inc.",5,4,7
EyeBiotech Ltd.,5,4,7
Italfarmaco,5,3,7
LucasBio,5,0,7
Materia Medica Holding,5,5,7
"Nanjing Bioheng Biotech Co., Ltd.",5,0,7
Olistic Research Labs S.L.,5,0,7
"Oruka Therapeutics, Inc.",5,0,7
PharmaMar,5,2,7
PYC Therapeutics,5,0,7
Regend Therapeutics,5,1,7
"Sequenom, Inc.",5,0,7
"Shanghai BDgene Co., Ltd.",5,0,7
SuperPatch Limited LLC,5,0,7
"Tesaro, Inc.",5,3,7
"TJ Biopharma Co., Ltd.",5,2,7
"TScan Therapeutics, Inc.",5,1,7
ZIWIG,5,0,7
"Astria Therapeutics, Inc.",5,2,6
Azafaros B.V.,5,3,6
"Beijing Gene Key Life Technology Co., Ltd",5,0,6
Bioceramed,5,0,6
Cartesian Therapeutics,5,1,6
CatalYm GmbH,5,1,6
"Climb Bio, Inc.",5,0,6
Corsano Health B.V.,5,0,6
"D3 Bio (Wuxi) Co., Ltd",5,0,6
DePuy Orthopaedics,5,0,6
"Ever Supreme Bio Technology Co., Ltd.",5,0,6
"Haihe Biopharma Co., Ltd.",5,0,6
"HeartFlow, Inc.",5,0,6
"Henan Genuine Biotech Co., Ltd.",5,0,6
"Huons Co., Ltd.",5,2,6
Idoven 1903 S.L.,5,0,6
"Immunome, Inc.",5,1,6
Kaneka Medical America LLC,5,0,6
"Kymera Therapeutics, Inc.",5,0,6
LUMA Vision Ltd.,5,0,6
Meril Life Sciences Pvt. Ltd.,5,0,6
MicroPort CRM,5,0,6
Nimble Science Ltd.,5,0,6
"Olema Pharmaceuticals, Inc.",5,2,6
"Staidson (Beijing) Biopharmaceuticals Co., Ltd",5,2,6
Syndax Pharmaceuticals,5,1,6
Synergy Spine Solutions,5,0,6
"Taiho Pharmaceutical Co., Ltd.",5,2,6
"Taisho Pharmaceutical Co., Ltd.",5,5,6
"Tiger Biosciences, LLC.",5,0,6
Volta Medical,5,0,6
Zoll Medical Corporation,5,0,6
A.M.I. Agency for Medical Innovations GmbH,5,0,5
A2 Biotherapeutics Inc.,5,0,5
AC Immune SA,5,0,5
"Adenocyte, LLC",5,0,5
Adicet Therapeutics,5,0,5
ALX Oncology Inc.,5,1,5
AOP Orphan Pharmaceuticals AG,5,2,5
"Applied Biologics, LLC",5,1,5
"ArriVent BioPharma, Inc.",5,2,5
Beacon Therapeutics,5,1,5
Biocells Medical,5,0,5
BioInvent International AB,5,0,5
BioSyngen Pte Ltd,5,0,5
"Candel Therapeutics, Inc.",5,2,5
Caranx Medical,5,0,5
"Cellectar Biosciences, Inc.",5,1,5
"Cellenkos, Inc.",5,0,5
CEN Biotech,5,0,5
Centessa Pharmaceuticals (UK) Limited,5,1,5
Cerenome,5,0,5
Collagen Matrix,5,0,5
Corin,5,0,5
Fortvita Biologics (USA)Inc.,5,0,5
"FutureGen Biopharmaceutical (Beijing) Co., Ltd",5,2,5
Generate Biomedicines,5,2,5
Genomic Prediction Inc.,5,0,5
"Grand Theravac Life Sciences (Nanjing) Co., Ltd.",5,1,5
"Guangdong ProCapZoom Biosciences Co., Ltd.",5,0,5
"Han Xu, M.D., Ph.D., FAPCR, Sponsor-Investigator, IRB Chair",5,2,5
Hemab ApS,5,0,5
HighLife SAS,5,0,5
"HuidaGene Therapeutics Co., Ltd.",5,0,5
IBSA Farmaceutici Italia Srl,5,0,5
Janux Therapeutics,5,0,5
"Jiangsu Topcel-KH Pharmaceutical Co., Ltd.",5,1,5
Kardium Inc.,5,0,5
Lee's Pharmaceutical Limited,5,2,5
Minovia Therapeutics Ltd.,5,0,5
"Nanjing Sanhome Pharmaceutical, Co., Ltd.",5,2,5
Nihon Kohden,5,0,5
"Norroy Bioscience Co., LTD",5,3,5
Novlead Inc.,5,0,5
"Olly, PBC",5,0,5
Olympus Corporation of the Americas,5,0,5
Oystershell NV,5,0,5
Pharmacosmos A/S,5,3,5
"Precigen, Inc",5,0,5
Prevail Therapeutics,5,0,5
"Pulse Biosciences, Inc.",5,0,5
"Restore Biologics Holdings, Inc. dba Xtressé",5,0,5
Richmond Research Institute,5,0,5
Rigel Pharmaceuticals,5,1,5
Salvia BioElectronics,5,0,5
"ScinnoHub Pharmaceutical Co., Ltd.",5,0,5
Shanghai AbelZeta Ltd.,5,0,5
"Shanghai Best-Link Bioscience, LLC",5,0,5
"Shanghai Bluesail Boyuan Medical Technology Co., Ltd.",5,0,5
Shanghai YingLi Pharmaceutical Co. Ltd.,5,1,5
Singlera Genomics Inc.,5,0,5
Solid Biosciences Inc.,5,1,5
"SpyGlass Pharma, Inc.",5,2,5
"Suzhou BlueHorse Therapeutics Co., Ltd.",5,0,5
"Suzhou Immunofoco Biotechnology Co., Ltd",5,1,5
"Sword Health, SA",5,0,5
"Transcenta Therapeutics (Hangzhou) Co., Ltd.",5,1,5
UniQure Biopharma B.V.,5,0,5
US Oncology Research,5,0,5
VelaVigo Bio Inc,5,0,5
"XellSmart Bio-Pharmaceutical (Suzhou) Co., Ltd.",5,0,5
Basilea Pharmaceutica,4,4,15
Pierre Fabre Dermo Cosmetique,4,0,15
Dompé Farmaceutici S.p.A,4,5,12
Abivax S.A.,4,4,11
Actelion,4,6,11
"Opus Genetics, Inc",4,5,11
"Sclnow Biotechnology Co., Ltd.",4,0,11
"AJU Pharm Co., Ltd.",4,1,10
Aurigene Discovery Technologies Limited,4,0,10
Endologix,4,0,10
i+Med S.Coop.,4,0,10
Koite Health Oy,4,0,9
"Nanjing Immunophage Biotech Co., Ltd",4,0,9
"Viridian Therapeutics, Inc.",4,8,9
Advanced Medical Solutions Ltd.,4,0,8
"Merz North America, Inc.",4,1,8
"Shaanxi Micot Pharmaceutical Technology Co., Ltd.",4,1,8
"SK Life Science, Inc.",4,5,8
"Wanbangde Pharmaceutical Group Co., LTD",4,1,8
"AB Biotics, SA",4,0,7
"Atea Pharmaceuticals, Inc.",4,2,7
"Base Therapeutics (Shanghai) Co., Ltd.",4,0,7
Bioagile Therapeutics Pvt. Ltd.,4,0,7
Cardiovalve Ltd.,4,0,7
"CSPC Baike (Shandong) Biopharmaceutical Co., Ltd.",4,5,7
"Cytrellis Biosystems, Inc.",4,0,7
"Erasca, Inc.",4,1,7
Gaia AG,4,0,7
Grifols Therapeutics LLC,4,5,7
"Humacyte, Inc.",4,5,7
"Jiangsu Aidea Pharmaceutical Group Co., Ltd.",4,0,7
Korea United Pharm. Inc.,4,1,7
Pharvaris Netherlands B.V.,4,5,7
Sangamo Therapeutics,4,0,7
Spinogenix,4,2,7
Unilever R&D,4,0,7
CLASSYS Inc.,4,0,6
Compass Therapeutics,4,1,6
"Endogenex, Inc.",4,0,6
"EyePoint Pharmaceuticals, Inc.",4,4,6
"Gasherbrum Bio, Inc., a wholly owned subsidiary of Structure Therapeutics",4,2,6
"GRIN Therapeutics, Inc.",4,1,6
"HUYABIO International, LLC.",4,1,6
Igenomix,4,0,6
Kedrion S.p.A.,4,6,6
Laekna Limited,4,1,6
"Liberating Technologies, Inc.",4,0,6
MapLight Therapeutics,4,0,6
"Mirador Therapeutics, Inc.",4,0,6
Sanaria Inc.,4,0,6
"Scholar Rock, Inc.",4,2,6
"Shanghai Shengdi Pharmaceutical Co., Ltd",4,5,6
"Shanghai Unicar-Therapy Bio-medicine Technology Co.,Ltd",4,0,6
Suzhou Sanegene Bio Inc.,4,0,6
TBF Genie Tissulaire,4,2,6
The Archer-Daniels-Midland Company,4,0,6
"Ton-Bridge Medical Tech. Co., Ltd",4,0,6
"Traws Pharma, Inc.",4,0,6
"Wave Life Sciences USA, Inc.",4,0,6
"Xentria, Inc.",4,0,6
AB Science,4,4,5
Acorn Biolabs Inc.,4,0,5
"Adlai Nortye Biopharma Co., Ltd.",4,1,5
Alto Neuroscience,4,0,5
American Laboratory Products Company,4,0,5
Antengene Biologics Limited,4,1,5
Apollo Therapeutics Ltd,4,0,5
"Arthrex, Inc.",4,0,5
"Atom Therapeutics Co., Ltd",4,1,5
BAAT Medical Products B.V.,4,0,5
"Barron Associates, Inc.",4,0,5
Beijing Pearl Biotechnology Limited Liability Company,4,3,5
"Beijing Zhifei Lvzhu Biopharmaceutical Co., Ltd",4,3,5
Biocodex,4,2,5
Carnot Laboratories,4,2,5
CMR Surgical Ltd,4,0,5
"Corvus Pharmaceuticals, Inc.",4,1,5
Cosmetique Active International,4,0,5
"Criterium, Inc.",4,0,5
"Day One Biopharmaceuticals, Inc.",4,1,5
dōTERRA International,4,0,5
dsm-firmenich Switzerland AG,4,0,5
Eccogene,4,0,5
Eilean Therapeutics,4,0,5
"Evergreen Therapeutics, Inc.",4,1,5
"Hangzhou Dinova EP Technology Co., Ltd",4,0,5
Insud Pharma,4,2,5
iOnctura,4,0,5
"JenaValve Technology, Inc.",4,0,5
"Kardigan, Inc.",4,3,5
Kodiak Sciences Inc,4,5,5
Magnetic Tides,4,0,5
Marea Therapeutics,4,0,5
"MeiraGTx, LLC",4,0,5
Merus B.V.,4,2,5
MindRank AI Ltd,4,1,5
Nerviano Medical Sciences,4,0,5
"Next Biomedical Co., Ltd.",4,0,5
Novadip Biosciences,4,1,5
"Ocular Therapeutix, Inc.",4,4,5
"Ollin Biosciences, Inc.",4,4,5
"Orion Corporation, Orion Pharma",4,0,5
Polaris Group,4,2,5
"Prime Gene Therapeutics Co., Ltd.",4,2,5
Rapport Therapeutics Inc.,4,2,5
Sahajanand Medical Technologies Limited,4,0,5
"Shenzhen Shenxin Biotechnology Co., Ltd",4,0,5
"Sirius Therapeutics Co., Ltd.",4,0,5
SmartNuclide Biopharma,4,0,5
"Spark Biomedical, Inc.",4,0,5
StimLabs,4,0,5
Sumitomo Pharma Switzerland GmbH,4,2,5
"Suzhou Forlong Biotechnology Co., Ltd",4,0,5
SYSNAV,4,0,5
"Tango Therapeutics, Inc.",4,0,5
Teoxane SA,4,0,5
TILT Biotherapeutics Ltd.,4,0,5
UroGen Pharma Ltd.,4,3,5
"VisionCare, Inc.",4,0,5
"Vividion Therapeutics, Inc.",4,0,5
Wren Laboratories LLC,4,0,5
Zhongmou Therapeutics,4,0,5
"Abeona Therapeutics, Inc",4,1,4
ADVANCED MARKER DISCOVERY S.L.,4,0,4
"AFT Pharmaceuticals, Ltd.",4,3,4
"Airiver Medical, Inc.",4,0,4
"Akouos, Inc.",4,0,4
Anteris Technologies Ltd.,4,0,4
"Anterogen Co., Ltd.",4,1,4
AP Biosciences Inc.,4,0,4
"Apogee Therapeutics, Inc.",4,0,4
Apple Inc.,4,0,4
"Aqua Medical, Inc.",4,0,4
"Avenzo Therapeutics, Inc.",4,0,4
Bactolife A/S,4,0,4
"Beijing Airdoc Technology Co., Ltd.",4,0,4
Beijing Union Pharmaceutical Factory Ltd,4,2,4
"Beijing Youcare Kechuang Pharmaceutical Technology Co., Ltd.",4,0,4
Bellicum Pharmaceuticals,4,0,4
Bentley InnoMed GmbH,4,0,4
BeyondBio Inc.,4,0,4
"Bio-Path Holdings, Inc.",4,0,4
"Biocity Biopharmaceutics Co., Ltd.",4,1,4
"Biodesix, Inc.",4,0,4
Biogenea Pharmaceuticals Ltd.,4,0,4
bioLytical Laboratories,4,0,4
BlueRock Therapeutics,4,1,4
Braile Biomedica Ind. Com. e Repr. Ltda.,4,0,4
Can-Fite BioPharma,4,2,4
CanariaBio Inc.,4,1,4
"CardioVision International Tech, S.A.S. de C.V.",4,0,4
Celyad Oncology SA,4,0,4
CereVasc Inc,4,0,4
"Chengdu Origen Biotechnology Co., Ltd.",4,0,4
Citryll BV,4,0,4
"Cleerly, Inc.",4,0,4
"Corregene Biotechnology Co., Ltd",4,0,4
CytoCares Inc,4,0,4
Dermavon Holdings Limited,4,2,4
Dianthus Therapeutics,4,2,4
Dren Bio,4,0,4
Dyne Therapeutics,4,2,4
"EBR Systems, Inc.",4,0,4
EDAP TMS S.A.,4,0,4
Ellipses Pharma,4,0,4
Elpida Therapeutics SPC,4,1,4
"Endotronix, Inc.",4,0,4
Enliven Therapeutics,4,0,4
EUROS,4,0,4
FBD Biologics Limited,4,0,4
"FindCure Biosciences (ZhongShan) Co., Ltd.",4,0,4
"Forte Biosciences, Inc.",4,0,4
"Frantz Viral Therapeutics, LLC",4,0,4
"Fujian Akeylink Biotechnology Co., Ltd.",4,2,4
"GI Innovation, Inc.",4,0,4
"GrandPharma (China) Co., Ltd.",4,0,4
"GT Medical Technologies, Inc.",4,2,4
"Guangzhou FineImmune Biotechnology Co., LTD.",4,0,4
HighField Biopharmaceuticals Corporation,4,0,4
Hinova Pharmaceuticals Inc.,4,1,4
Hollister Incorporated,4,0,4
"Iantrek, Inc.",4,0,4
"InGeneron, Inc.",4,0,4
"Inhibrx Biosciences, Inc",4,1,4
Innate srl,4,0,4
InnovStone Therapeutics Limited,4,0,4
Intra-IMMUSG Pte Ltd,4,1,4
"Jade Biosciences, Inc.",4,0,4
Jina Pharmaceuticals Inc.,4,2,4
Joint & Vascular Institute,4,0,4
"Kang Stem Biotech Co., Ltd.",4,0,4
"Kartos Therapeutics, Inc.",4,2,4
Keri Medical SA,4,0,4
"Kexing Biopharm Co., Ltd.",4,3,4
"Kunming Pharmaceuticals, Inc.",4,0,4
Labo'Life,4,0,4
Leeuwenhoek Laboratories Co. Ltd.,4,0,4
MarsiBionics,4,0,4
Maxigen Biotech Inc.,4,0,4
MediBeacon,4,0,4
MediWound Ltd,4,1,4
Miach Orthopaedics,4,0,4
"MicroPort NeuroTech Co., Ltd.",4,1,4
"ModeX Therapeutics, An OPKO Health Company",4,0,4
"Mucosa Innovations, S.L.",4,0,4
Myeloid Therapeutics,4,0,4
Nabiqasim Industries (Pvt) Ltd,4,0,4
Nanoscope Therapeutics Inc.,4,0,4
"Neonc Technologies, Inc.",4,0,4
"Neuspera Medical, Inc.",4,0,4
"Nkarta, Inc.",4,0,4
"Noctrix Health, Inc.",4,0,4
Nuvalent Inc.,4,1,4
Nyxoah S.A.,4,0,4
"OBI Pharma, Inc",4,1,4
Oncotherapeutics,4,0,4
"Orca Biosystems, Inc.",4,1,4
ORIC Pharmaceuticals,4,1,4
"Palvella Therapeutics, Inc.",4,2,4
Paragonix Technologies,4,0,4
"Peijia Medical Technology (Suzhou) Co., Ltd.",4,0,4
"Poseida Therapeutics, Inc.",4,0,4
Protara Therapeutics,4,2,4
Quanta Medical,4,0,4
Quoin Pharmaceuticals,4,4,4
"Ranok Therapeutics (Hangzhou) Co., Ltd.",4,0,4
"Ray Therapeutics, Inc.",4,0,4
"Relay Therapeutics, Inc.",4,1,4
"Renalytix AI, Inc.",4,0,4
Restorear Devices LLC,4,0,4
RevBio,4,0,4
SetPoint Medical Corporation,4,1,4
"Shandong Boan Biotechnology Co., Ltd",4,1,4
"Shanghai Allink Biotherapeutics Co., Ltd.",4,0,4
"Shanghai Bovax Biotechnology Co., Ltd.",4,2,4
"Shanghai EpimAb Biotherapeutics Co., Ltd.",4,0,4
"Shanghai Escugen Biotechnology Co., Ltd",4,0,4
Shanghai Golden Leaf MedTec Co. Ltd,4,0,4
"Shanghai Huilun Pharmaceutical Co., Ltd.",4,3,4
"Shanghai Kechow Pharma, Inc.",4,2,4
"Shanghai MicroPort Endovascular MedTech（Group）Co., Ltd",4,0,4
"Shanghai Ming Ju Biotechnology Co., Ltd.",4,0,4
Shanghai Qilu Pharmaceutical Research and Development Center LTD,4,0,4
"Shanghai StairMed Technology Co., Ltd.",4,0,4
"Shanghai Zhimeng Biopharma, Inc.",4,2,4
Shenzhen Hemogen,4,0,4
"Shenzhen Ionova Life Sciences Co., Ltd.",4,0,4
"Shenzhen Kangzhe Biotechnology Co., Ltd.",4,0,4
"Sichuan Credit Pharmaceutical Co., Ltd.",4,0,4
Silimed Industria de Implantes Ltda,4,0,4
SleepRes Inc.,4,0,4
SparingVision,4,0,4
Spectrocor,4,0,4
Starna Therapeutics,4,0,4
"Suzhou Hearthill Medical Technology Co.,LTD",4,0,4
"SyMap Medical (Suzhou), Ltd.",4,0,4
Symbios Orthopedie SA,4,0,4
"TaiRx, Inc.",4,0,4
Tcelltech Inc.,4,0,4
Teknimed,4,0,4
Tela Bio Inc,4,0,4
Tenaya Therapeutics,4,0,4
Tethis S.p.A.,4,0,4
THYROSCOPE INC.,4,0,4
Tiziana Life Sciences LTD,4,0,4
"Treeline Biosciences, Inc.",4,0,4
TRiCares,4,0,4
Vectorious Medical Technologies Ltd.,4,0,4
Venus MedTech (HangZhou) Inc.,4,0,4
"Vera Therapeutics, Inc.",4,1,4
"Veradermics, Inc.",4,3,4
"Verve Therapeutics, Inc.",4,0,4
Vesalio,4,0,4
"VIS, Inc.",4,1,4
Tanabe Pharma Corporation,3,60,90
ZimVie,3,0,14
BackBeat Medical Inc,3,0,10
"Klein Buendel, Inc.",3,0,10
"Sound Pharmaceuticals, Incorporated",3,2,10
Alumis Inc,3,3,9
AO GENERIUM,3,4,9
ProofPilot,3,0,9
Trevi Therapeutics,3,2,9
"Ascletis Pharma (China) Co., Limited",3,2,8
BioCryst Pharmaceuticals,3,5,8
Bonafide Health,3,0,8
Carl Zeiss Meditec AG,3,0,8
Fidia Farmaceutici s.p.a.,3,1,8
"HUINNO Co., Ltd",3,0,8
Implicit Bioscience,3,0,8
Med-El Corporation,3,0,8
MedtronicNeuro,3,0,8
Adagio Medical,3,0,7
Agenus Inc.,3,0,7
Ascendis Pharma Endocrinology Division A/S,3,4,7
Biomea Fusion Inc.,3,0,7
Cerus Corporation,3,2,7
"Forma Therapeutics, Inc.",3,1,7
Hansa Biopharma AB,3,4,7
"K-Group, Beta, Inc., a wholly owned subsidiary of Zentalis Pharmaceuticals, Inc",3,1,7
Kyverna Therapeutics,3,1,7
medac GmbH,3,2,7
NaviFUS Corporation,3,1,7
Omeros Corporation,3,2,7
"Oregon Research Behavioral Intervention Strategies, Inc.",3,0,7
R-Pharm,3,3,7
Recursion Pharmaceuticals Inc.,3,1,7
Ryvu Therapeutics SA,3,0,7
Sonova AG,3,0,7
Theranica,3,0,7
Vantive Health LLC,3,1,7
ABLE Human Motion S.L.,3,0,6
"Ahn-Gook Pharmaceuticals Co.,Ltd",3,3,6
CathVision ApS,3,0,6
"Corium Innovations, Inc.",3,0,6
Distalmotion SA,3,0,6
"HTA Co., Ltd.",3,6,6
Lohmann & Rauscher,3,0,6
MBX Biosciences,3,1,6
"Newsoara Biopharma Co., Ltd.",3,2,6
"Optos, PLC",3,0,6
Philip Morris Products S.A.,3,0,6
"Shanghai MicroPort Rhythm MedTech Co., Ltd.",3,0,6
"Syndeio Biosciences, Inc",3,0,6
Transcend Therapeutics,3,3,6
"VistaGen Therapeutics, Inc.",3,4,6
AbelZeta Inc.,3,0,5
Agomab Spain S.L.U.,3,0,5
"Annexon, Inc.",3,3,5
"Aptabio Therapeutics, Inc.",3,0,5
"Beijing Pins Medical Co., Ltd",3,0,5
"Beijing Sungen Biomedical Technology Co., Ltd",3,0,5
BioLab Holdings,3,0,5
BioMérieux,3,0,5
Blue Earth Diagnostics,3,0,5
Bright Uro,3,0,5
"Calyxo, Inc.",3,0,5
Camurus AB,3,4,5
"Conjupro Biotherapeutics, Inc.",3,0,5
Corxel Pharmaceuticals,3,2,5
Heartstream US LLC,3,0,5
Kallyope Inc.,3,3,5
Lo.Li.Pharma s.r.l,3,0,5
"Lomond Therapeutics Holdings, Inc.",3,0,5
MeiraGTx Ocular UK Ltd,3,3,5
Merz Therapeutics GmbH,3,2,5
"Nacuity Pharmaceuticals, Inc.",3,2,5
Natureceuticals Sdn Bhd,3,4,5
Orchard Therapeutics,3,2,5
Pharmanutra S.p.a.,3,0,5
POLYSAN Scientific & Technological Pharmaceutical Company,3,2,5
Prestige Biopharma Limited,3,1,5
Reistone Biopharma Company Limited,3,1,5
Shanghai Hutchison Pharmaceuticals Limited,3,2,5
"Supergene, LLC",3,3,5
Supira Medical,3,0,5
TCRCure Biopharma Ltd.,3,0,5
"Tenax Therapeutics, Inc.",3,3,5
"Acepodia Biotech, Inc.",3,0,4
"Acotec Scientific Co., Ltd",3,0,4
Advanced Accelerator Applications,3,1,4
Aerin Medical,3,0,4
Afasci Inc,3,0,4
Akebia Therapeutics,3,1,4
"Akero Therapeutics, Inc",3,3,4
"Alkeus Pharmaceuticals, Inc.",3,2,4
Allergy Therapeutics,3,1,4
Amylyx Pharmaceuticals Inc.,3,2,4
"Beijing Bio-Targeting Therapeutics Technology Co., Ltd",3,0,4
Berlin Heals GmbH,3,0,4
"BioCardia, Inc.",3,0,4
"BioLite, Inc.",3,0,4
Brii Biosciences Limited,3,0,4
"C4 Therapeutics, Inc.",3,0,4
CellCentric Ltd.,3,1,4
"CG Oncology, Inc.",3,2,4
"Chendu DIAO Pharmaceutical Group CO., LTD.",3,1,4
Chengdu New Radiomedicine Technology Co. LTD.,3,1,4
"Cionic, Inc.",3,0,4
CivaTech Oncology,3,0,4
"Clarent Biopharma, Inc.",3,0,4
"Claris Biotherapeutics, Inc.",3,0,4
Clarity Pharmaceuticals Ltd,3,2,4
COMPASS Pathways,3,3,4
Context Therapeutics Inc.,3,0,4
Corbus Pharmaceuticals Inc.,3,1,4
CRISPR Therapeutics,3,0,4
Curonix LLC,3,0,4
Cybin IRL Limited,3,3,4
CynosureLutronic,3,0,4
DBV Technologies,3,4,4
Delcath Systems Inc.,3,2,4
"Direct Biologics, LLC",3,1,4
Dr. Falk Pharma GmbH,3,2,4
Echosens,3,0,4
"Eddingpharm (Zhuhai) Co., Ltd.",3,0,4
Eledon Pharmaceuticals,3,1,4
Elixir Medical Corporation,3,0,4
"Energenesis Biomedical Co., Ltd.",3,1,4
Energenx Medical LTD.,3,0,4
Enveda Therapeutics,3,0,4
"ESM Technologies, LLC",3,0,4
ExThera Medical Corporation,3,0,4
FluidAI Medical,3,1,4
Francis Medical Inc.,3,0,4
"Fujifilm Pharmaceuticals U.S.A., Inc.",3,0,4
Fusion Pharmaceuticals Inc.,3,0,4
"Gan and Lee Pharmaceuticals, USA",3,0,4
Geron Corporation,3,2,4
"Good Molecules, LLC",3,1,4
"Halia Therapeutics, Inc.",3,0,4
"Hangzhou Gensciences Biopharmaceutical Co., Ltd.",3,4,4
Heartfelt Technologies,3,0,4
"Hinge Health, Inc",3,0,4
Hummingbird Bioscience,3,0,4
"Imbioray (Hangzhou) Biomedicine Co., Ltd.",3,0,4
"Immorna Biotherapeutics, Inc.",3,0,4
ImmuneOncia Therapeutics Inc.,3,0,4
InnoCon Medical,3,0,4
"Intervene, Inc.",3,0,4
IntraBio Inc,3,3,4
Inventprise Inc.,3,0,4
Jiangxi Qingfeng Pharmaceutical Co. Ltd.,3,3,4
"Kolon TissueGene, Inc.",3,2,4
Laboratoires Gilbert,3,0,4
LB Pharmaceuticals Inc.,3,2,4
"Leadingtac Pharmaceutical (Shaoxing) Co., Ltd.",3,0,4
LIB Therapeutics LLC,3,4,4
Longboard Pharmaceuticals,3,3,4
"Lumen Bioscience, Inc.",3,1,4
"Lumicell, Inc.",3,0,4
"Marker Therapeutics, Inc.",3,0,4
McGuire Institute,3,0,4
Mediar Therapeutics,3,0,4
"Nanjing RegeneCore Biotech Co., Ltd.",3,0,4
Nektar Therapeutics,3,2,4
NEOS Surgery,3,0,4
Neptune Medical,3,0,4
Neuronostics Ltd,3,0,4
Newave Pharmaceutical Inc,3,1,4
Nexira,3,0,4
Nuritas Ltd,3,0,4
"Nutraland USA, Inc.",3,0,4
"Nuvectis Pharma, Inc.",3,0,4
OrbusNeich,3,0,4
"Ossium Health, Inc.",3,0,4
Pacific Edge Limited,3,0,4
"Phathom Pharmaceuticals, Inc.",3,1,4
"PRG Science & Technology Co., Ltd.",3,0,4
Primus Pharmaceuticals,3,0,4
"Priovant Therapeutics, Inc.",3,4,4
Prokidney,3,1,4
"Pulmovant, Inc.",3,1,4
Qbtech AB,3,0,4
"Qurient Co., Ltd.",3,0,4
"Rebiscan, Inc.",3,0,4
"Regenexx, LLC",3,0,4
Regor Pharmaceuticals Inc.,3,0,4
RHEACELL GmbH & Co. KG,3,3,4
Ribocure Pharmaceuticals AB,3,0,4
"Risen (Suzhou) Pharma Tech Co., Ltd.",3,1,4
"S.Biomedics Co., Ltd.",3,0,4
Salubris Biotherapeutics Inc,3,0,4
Saluda Medical Pty Ltd,3,0,4
Sensorion,3,0,4
"Shanghai Lanyi Therapeutics Co., Ltd.",3,0,4
"Shanghai Longwood Biopharmaceuticals Co., Ltd.",3,1,4
"Shenzhen MagicRNA Biotechnology Co., Ltd",3,0,4
Sinocare,3,0,4
Stratpharma AG,3,0,4
SURGE Therapeutics,3,1,4
Symatese,3,0,4
"Treace Medical Concepts, Inc.",3,0,4
Uniquity One (UNI),3,0,4
Varol TUNALI,3,0,4
"VivaVision Biotech, Inc",3,2,4
"VIVEX Biologics, Inc.",3,0,4
"Voronoi, Inc",3,0,4
Xiros Ltd,3,0,4
"ZetrOZ, Inc.",3,0,4
"Zhejiang Kanova Biopharmaceutical Co., LTD",3,1,4
"1ST Biotherapeutics, Inc.",3,0,3
AAVantgarde Bio Srl,3,0,3
"ABL Bio, Inc.",3,0,3
Accro Bioscience (Suzhou) Limited,3,0,3
Ace Cells Lab Limited,3,0,3
Adcendo ApS,3,0,3
Advenchen Laboratories Nanjing Ltd.,3,1,3
"Advenchen Laboratories, LLC",3,1,3
"Advenchen Pharmaceuticals, LLC.",3,0,3
AgelessRx,3,2,3
AGO Research GmbH,3,0,3
Alentis Therapeutics AG,3,0,3
All4Cure,3,0,3
Allotera Therapeutics,3,0,3
ALPFA Medical,3,0,3
"Ambros Therapeutics, Inc.",3,2,3
Amivas Inc.,3,0,3
Annovis Bio Inc.,3,3,3
ApexCPG LLC,3,0,3
Arrae,3,0,3
"Arsenal Biosciences, Inc.",3,0,3
Artcline GmbH,3,0,3
Artoss Inc.,3,0,3
"Ashvattha Therapeutics, Inc.",3,0,3
"Asia Cell Therapeutics (Shanghai) Co., Ltd.",3,0,3
"AskGene Pharma, Inc.",3,1,3
AusperBio Therapeutics Inc.,3,0,3
Avalyn Pharma Inc.,3,0,3
"AVAVA, Inc.",3,0,3
"Aveta Biomics, Inc.",3,1,3
"Beijing Anlong Biopharmaceutical Co., Ltd.",3,0,3
Beijing Scitech-Mq Pharmaceuticals Limited,3,0,3
Bharat Biotech International Limited,3,2,3
Bicara Therapeutics,3,1,3
Biocomposites Ltd,3,0,3
Biotroy Therapeutics,3,0,3
"Biotyx Medical (Shenzhen) Co., Ltd.",3,0,3
Biozeus Biopharmaceutical S.A.,3,0,3
"Bisirna Therapeutics (Suzhou) Co., Ltd.",3,1,3
"BOE Technology Group Co., Ltd.",3,0,3
BONESUPPORT AB,3,0,3
"Boston Intelligent Medical Research Center, Shenzhen United Scheme Technology Co., Ltd.",3,0,3
"Broadenbio Ltd., Co.",3,0,3
Byondis B.V.,3,0,3
Cagent Vascular LLC,3,0,3
Calico Life Sciences LLC,3,0,3
Canwell Biotech Limited,3,0,3
CardioFocus,3,0,3
Celcuity Inc,3,2,3
Cellcolabs Clinical LTD.,3,0,3
Cellectis S.A.,3,0,3
Centervue SpA,3,0,3
Ceribell Inc.,3,0,3
CGBio Inc.,3,1,3
Changchun Intellicrown Pharmaceutical Co. LTD,3,0,3
"Chengdu Ucello Biotechnology Co., Ltd.",3,0,3
China National Biotec Group Company Limited,3,1,3
Cho Pharma Inc.,3,0,3
"Chongqing Jinsaixing Medical Technology Co., Ltd",3,0,3
Cilcare SAS,3,0,3
Comeback Mobility Inc,3,0,3
Complement Therapeutics,3,0,3
Cook MyoSite,3,2,3
Corvia Medical,3,0,3
Cousin Biotech,3,0,3
Creative Medical Technology Holdings Inc,3,0,3
Creo Medical Limited,3,0,3
Crystalys Therapeutics,3,2,3
Cutting Edge SAS,3,0,3
"Danatlas Pharmaceuticals Co., Ltd",3,0,3
"Daré Bioscience, Inc.",3,0,3
Deliberate Solutions Inc.,3,0,3
Dermal Laboratories Ltd,3,0,3
"Design Therapeutics, Inc.",3,0,3
Diakonos Oncology Corporation,3,0,3
"DiproBio (Shanghai) Co., Ltd.",3,0,3
"DK Medical Technology (Suzhou) Co., Ltd.",3,0,3
EBG MedAustron GmbH,3,0,3
"Editas Medicine, Inc.",3,0,3
"Eetho Brands, Inc",3,0,3
EicOsis Human Health Inc.,3,0,3
Elephas,3,0,3
Elixir MD Inc,3,0,3
Elpen Pharmaceutical Co. Inc.,3,0,3
"Elpiscience (Suzhou) Biopharma, Ltd.",3,0,3
Encoded Therapeutics,3,0,3
Endomagnetics Ltd.,3,0,3
ENIKAM d.o.o.,3,0,3
"Enterra Medical, Inc.",3,0,3
"Entrada Therapeutics, Inc.",3,0,3
"EpicentRx, Inc.",3,1,3
"Epiliquid Holding, Inc",3,0,3
EverEx Inc.,3,0,3
"Everfront Biotech Co., Ltd.",3,1,3
"Exscientia AI Ltd., a wholly owned subsidiary of Recursion Pharmaceuticals, Inc.",3,0,3
FA Corporation,3,0,3
Firalis SA,3,0,3
"Forward Pharmaceuticals Co., Ltd.",3,0,3
"Foundry Innovation & Research 1, Limited (FIRE1)",3,0,3
FrieslandCampina,3,1,3
FutureChem,3,3,3
Fytexia,3,0,3
GCA (Eurosilicone),3,0,3
"Gracell Biotechnologies (Shanghai) Co., Ltd.",3,0,3
Gradient Denervation Technologies,3,0,3
GramEye,3,0,3
"Green Valley (Shanghai) Pharmaceuticals Co., Ltd.",3,0,3
"Gritgen Therapeutics Co., Ltd.",3,1,3
Groupe SEBBIN,3,0,3
"Guangdong Ruishun Biotech Co., Ltd",3,0,3
"Guangzhou Gloria Biosciences Co., Ltd.",3,2,3
GV20 Therapeutics,3,0,3
"Hangzhou Converd Co., Ltd.",3,0,3
"Hangzhou SynRx Therapeutics Biomedical Technology Co., Ltd",3,0,3
Healionics Corporation,3,0,3
Healthgen Biotechnology Corp.,3,0,3
Helio Genomics,3,0,3
Helius Medical Inc,3,0,3
Helmholtz Zentrum München,3,0,3
"HepQuant, LLC",3,0,3
Heronova Pharmaceuticals,3,0,3
"Huabo Biopharm Co., Ltd.",3,0,3
"Hyalex Orthopaedics, Inc.",3,0,3
ICIM International S.r.l.,3,0,3
Ikaria Bioscience Pty Ltd,3,0,3
Iksuda Therapeutics Ltd.,3,0,3
"Immatics US, Inc.",3,1,3
Immunic AG,3,2,3
ImmVira Pharma Co. Ltd,3,0,3
Implantica CE Reflux Ltd.,3,0,3
Imunon,3,1,3
"Industrial Farmacéutica Cantabria, S.A.",3,1,3
Infinite Biomedical Technologies,3,0,3
InspireMD,3,0,3
"Invivyd, Inc.",3,2,3
Ion Beam Applications,3,0,3
Ionclinics & Deionic SL,3,0,3
ITM Solucin GmbH,3,2,3
"JenKem Technology Co., Ltd.",3,1,3
"Jiangsu Chia Tai Fenghai Pharmaceutical Co., Ltd.",3,1,3
"Jiangsu Healthy Life Innovation Medical Technology Co., Ltd",3,1,3
Jiangsu Renocell Biotech Company,3,0,3
Jubaan Ltd.,3,0,3
JW Medical Systems Ltd,3,0,3
Kangabio AUSTRALIA LTD PTY,3,0,3
"Kiniksa Pharmaceuticals International, plc",3,1,3
"Kira Pharmacenticals (US), LLC.",3,0,3
Klus Pharma Inc.,3,0,3
Kuros Biosurgery AG,3,0,3
"L & L Bio Co., Ltd., Ningbo, China",3,1,3
Laboratoires Elerte,3,0,3
Lakefront Biotherapeutics West LLC,3,0,3
Lallemand Health Solutions,3,0,3
Lantern Pharma Inc.,3,0,3
"Laplace Interventional, Inc",3,0,3
Leica Microsystems (Schweiz) AG,3,0,3
"Liaoning Chengda Biotechnology CO., LTD",3,0,3
Libbs Farmacêutica LTDA,3,0,3
LifeNet Health,3,0,3
"Lineage Cell Therapeutics, Inc.",3,0,3
"Lingyi Biotech Co., Ltd.",3,0,3
"Linno Pharmaceuticals, Inc.",3,0,3
Lion TCR Pte. Ltd.,3,0,3
"Longbio Pharma (Suzhou) Co., Ltd.",3,0,3
"Longevity Metrics, Inc.",3,0,3
Lunair Medical,3,0,3
"Lunan Better Pharmaceutical Co., LTD.",3,3,3
"Lyell Immunopharma, Inc.",3,1,3
Magenta Medical Ltd.,3,0,3
Materialise,3,0,3
"Mather's Pharm. Co., Ltd.",3,1,3
MD Stem Cells,3,0,3
Medacta USA,3,0,3
Medialis Ltd.,3,0,3
"Mercator MedSystems, Inc.",3,1,3
"Metagenics, Inc.",3,0,3
"ML Bio Solutions, Inc.",3,2,3
MODAG GmbH,3,0,3
"Monte Rosa Therapeutics, Inc",3,0,3
"Moon (Guangzhou) Biotechnology Co., Ltd.",3,0,3
MSD Italia S.r.l.,3,0,3
N-Power Medicine,3,0,3
Nasus Pharma,3,1,3
"Nectero Medical, Inc.",3,1,3
Neodent,3,0,3
NeuShen Therapeutics,3,0,3
"Newleos Therapeutics, Inc.",3,0,3
NIN Institute,3,0,3
Nordberg Medical AB,3,0,3
Novelwise Pharmaceutical Corporation,3,0,3
NuvOx LLC,3,0,3
Okuvision GmbH,3,0,3
OncoHost Ltd.,3,0,3
Oncolytics Biotech,3,0,3
OncoSil Medical Limited,3,0,3
"OncoVerity, Inc.",3,0,3
"OriCell Therapeutics Co., Ltd.",3,0,3
Otto Bock Healthcare Products GmbH,3,0,3
P+F Products + Features GmbH,3,0,3
Pack Health,3,0,3
"Peerbridge Health, Inc",3,0,3
Pentax Medical,3,0,3
Perspective Therapeutics,3,0,3
Phanes Therapeutics,3,0,3
PharmaBio Corporation,3,0,3
PharmaEngine,3,0,3
Prana Therapies Inc,3,0,3
"Precision BioSciences, Inc.",3,0,3
"Prime Medicine, Inc.",3,0,3
ProbiSearch SL,3,0,3
Prove pharm,3,1,3
ProVerum Medical,3,0,3
"Providence Medical Technology, Inc.",3,0,3
"Pulmair Medical, Inc.",3,0,3
"Puma Biotechnology, Inc.",3,0,3
"Pyrotech Therapeutics, Inc.",3,0,3
"Pyxis Oncology, Inc",3,0,3
"Qilu Pharmaceutical (Hainan) Co., Ltd.",3,0,3
Quanta Therapeutics,3,0,3
Quell Therapeutics Limited,3,0,3
R3 Stem Cell,3,0,3
R3 Vascular Inc.,3,0,3
"Rakuten Medical, Inc.",3,2,3
Rapa Therapeutics LLC,3,1,3
"ReAlta Life Sciences, Inc.",3,0,3
Red Rock Regeneration Inc.,3,0,3
RedDress Ltd.,3,0,3
"Reprise Biomedical, Inc.",3,0,3
Resilience,3,2,3
"Riboscience, LLC.",3,0,3
"Rigerna Therapeutics Co., Ltd.; Rigerna Therapeutics (Beijing) Co., Ltd.",3,0,3
RTI Surgical,3,0,3
RxFunction Inc.,3,0,3
Samyang Biopharmaceuticals Corporation,3,0,3
Sana Biotechnology,3,0,3
Sapience Therapeutics,3,0,3
Sardocor Corp.,3,0,3
Scancell Ltd,3,1,3
SeaStar Medical,3,0,3
Seismic Therapeutic AU Pty Ltd,3,0,3
Semikal Technology,3,0,3
"Shanghai Bao Pharmaceuticals Co., Ltd.",3,0,3
"Shanghai Jeyou Pharmaceutical Co., Ltd.",3,1,3
"Shanghai RAAS Blood Products Co., Ltd.",3,0,3
"Shanghai Simnova Biotechnology Co.,Ltd.",3,0,3
"Shanghai Synvida Biotechnology Co.,Ltd.",3,0,3
"Shanghai UniXell Biotechnology Co., Ltd",3,0,3
"Shanghai Xinzhi BioMed Co., Ltd.",3,2,3
"Shanghai Zerun Biotechnology Co.,Ltd",3,0,3
"Shenzhen Celconta Life Science Co., Ltd.",3,0,3
"Shenzhen Fosun Kairos Biotechnology Co., Ltd.",3,0,3
"Shenzhen Genocury Biotech Co., Ltd.",3,0,3
"Shenzhen Huishan Biotechnology Co., Ltd.",3,0,3
Shin Poong Pharmaceutical Co. Ltd.,3,1,3
"Sichuan Luzhou Buchang Biopharmaceutical Co., Ltd.",3,0,3
Signos Inc,3,0,3
Sirtex Medical,3,0,3
"Skye Biologics Holdings, LLC",3,0,3
"Skyhawk Therapeutics, Inc.",3,3,3
SleepUp Tecnologia em Saúde Ltda,3,0,3
Solve Therapeutics,3,0,3
SoniVie Inc.,3,0,3
"Sonoma Biotherapeutics, Inc.",3,0,3
Soterix Medical,3,0,3
SPINEVISION SAS,3,0,3
"STCube, Inc.",3,0,3
"Step Pharma, SAS",3,0,3
"SunWay Biotech Co., LTD.",3,0,3
Suzhou Hengruihongyuan Medical Technology Co. LTD,3,0,3
"Suzhou Maximum Bio-tech Co., Ltd.",3,0,3
"SuZhou Sinus Medical Technologies Co.,Ltd",3,0,3
SynAct Pharma Aps,3,0,3
Synbiotic Health,3,0,3
"Synchron, Inc.",3,0,3
Synthekine,3,0,3
"Syntr Health Technologies, Inc.",3,0,3
"Syntrix Biosystems, Inc.",3,0,3
Takara Bio Inc.,3,1,3
Tarapeutics Science Inc.,3,1,3
Tarian Pharma,3,0,3
"Tasly Biopharmaceuticals Co., Ltd.",3,0,3
Tavotek Biotherapeutics,3,0,3
"Taysha Gene Therapies, Inc.",3,2,3
Teclison Ltd.,3,0,3
"Tego Science, Inc.",3,1,3
Teligene US,3,0,3
"Telios Pharma, Inc.",3,0,3
Tessa Therapeutics,3,0,3
Thuasne,3,0,3
"Tianjin ConjuStar Biologics Co., Ltd.",3,0,3
TIPMED Medical Device Manufacturing Ltd. Co.,3,0,3
Tissium,3,0,3
"Tr1X, Inc.",3,0,3
Transdermal Delivery Solutions Corp,3,1,3
TriCity Research Center,3,0,3
"Turning Point Therapeutics, Inc.",3,0,3
Umoja Biopharma,3,0,3
United Pharmaceuticals,3,0,3
Universal Diagnostics,3,0,3
UroMems SAS,3,0,3
V-Wave Ltd,3,0,3
Vaderis Therapeutics AG,3,1,3
Vaxine Pty Ltd,3,0,3
"VDyne, Inc.",3,0,3
Verismo Therapeutics,3,0,3
Verrica Pharmaceuticals Inc.,3,3,3
Vima Therapeutics,3,0,3
"VivaTech International, Inc.",3,0,3
"Vyriad, Inc.",3,0,3
"Wayshine Biopharm, Inc.",3,0,3
"WestVac Biopharma Co., Ltd.",3,0,3
"Wooshin Labottach Co., Ltd.",3,1,3
Wuhan Humanwell Innovative Drug Research and Development Center Limited Company,3,0,3
Xenios AG,3,0,3
"Zhejiang Haichang Biotech Co., Ltd.",3,0,3
"Zhejiang Sunshine Mandi Pharmaceutical Co.,Ltd.",3,3,3
Zhejiang Teruisi Pharmaceutical Inc.,3,0,3
Zhejiang Wenda Pharma Technology LTD.,3,1,3
"Zhejiang Yangli Pharmaceutical Technology Co., Ltd.",3,0,3
"Zhuhai Yufan Biotechnologies Co., Ltd",3,0,3
LumiraDx UK Limited,2,0,17
"Guangzhou Bio-gene Technology Co., Ltd",2,0,13
"Tanabe Pharma America, Inc.",2,3,13
Apsen Farmaceutica S.A.,2,6,12
GenSight Biologics,2,4,8
Grünenthal GmbH,2,3,8
Inozyme Pharma,2,2,8
Posit Science Corporation,2,0,8
"Sight Sciences, Inc.",2,0,8
Vedic Lifesciences Pvt. Ltd.,2,0,8
Aligos Therapeutics,2,0,7
Applied Science & Performance Institute,2,0,7
DJO UK Ltd,2,0,7
Fenix Innovation Group,2,3,7
Guerbet,2,4,7
IVIEW Therapeutics Inc.,2,0,7
Kenvue Brands LLC,2,0,7
Laboratorios Silanes S.A. de C.V.,2,5,7
Solventum US LLC,2,0,7
"Beijing Inno Medicine Co., Ltd.",2,0,6
"Biohaven Pharmaceuticals, Inc.",2,6,6
Cellution Biologics,2,0,6
Ceragem Clinical Inc.,2,0,6
Cinclus Pharma Holding AB,2,2,6
"Danone Asia Pacific Holdings Pte, Ltd.",2,0,6
Danone Global Research & Innovation Center,2,0,6
"Koya Medical, Inc.",2,0,6
LimmaTech Biologics AG,2,0,6
PureTech,2,1,6
Sirnaomics,2,0,6
Spur Therapeutics,2,1,6
"Vincentage Pharma Co., Ltd",2,1,6
Advanced Bionics AG,2,0,5
"Altimmune, Inc.",2,1,5
"AMAG Pharmaceuticals, Inc.",2,3,5
"Arcturus Therapeutics, Inc.",2,1,5
Areteia Therapeutics,2,4,5
Assembly Biosciences,2,0,5
"Cardurion Pharmaceuticals, Inc.",2,0,5
Cordis US Corp.,2,0,5
ECRI bv,2,1,5
Erchonia Corporation,2,0,5
Firstkind Ltd,2,0,5
Genfit,2,0,5
Global D,2,0,5
"Hangzhou PhecdaMed Co., Ltd.",2,1,5
Hope Biosciences Research Foundation,2,0,5
Imugene Limited,2,0,5
InMode MD Ltd.,2,0,5
Innate Pharma,2,0,5
Invibio Ltd,2,0,5
Mastelli S.r.l,2,0,5
"Medprin Regenerative Medical Technologies Co., Ltd.",2,4,5
"Million Marker Wellness, Inc.",2,0,5
Moximed,2,0,5
"National Vaccine and Serum Institute, China",2,3,5
Oculis,2,5,5
Orphalan,2,1,5
Procare Health Iberia S.L.,2,0,5
Sino Medical Sciences Technology Inc.,2,0,5
Standard Process Inc.,2,0,5
Suven Life Sciences Limited,2,2,5
Vichy Laboratoires,2,0,5
"XBiotech, Inc.",2,0,5
"Zhuhai Trinomab Pharmaceutical Co., Ltd.",2,3,5
"89bio, Inc.",2,3,4
"Aadi Bioscience, Inc.",2,0,4
Aelis Farma,2,0,4
Allarity Therapeutics,2,0,4
Alvotech Swiss AG,2,2,4
"Anhui Palo Alto Pharmaceuticals, Inc.",2,0,4
"Anthos Therapeutics, Inc.",2,3,4
Ardelyx,2,3,4
Aroa Biosurgery Limited,2,0,4
"ARS Pharmaceuticals, Inc.",2,0,4
Artios Pharma Ltd,2,0,4
Attovia Therapeutics Inc,2,0,4
Aurinia Pharmaceuticals Inc.,2,2,4
B. Braun Melsungen AG,2,0,4
"Beaver-Visitec International, Inc.",2,0,4
BellaSeno Pty Ltd,2,0,4
"BioNet-Asia Co., Ltd.",2,1,4
"Biotronik, Inc.",2,0,4
Boston Medical Group,2,1,4
BRIM Biotechnology Inc.,2,1,4
"Chongqing Claruvis Pharmaceutical Co., Ltd.",2,3,4
"Conformal Medical, Inc",2,0,4
CUTISS AG,2,1,4
EIP Pharma Inc,2,0,4
"Endo USA Inc., a Keenova Therapeutics Company",2,3,4
Espad Pharmed,2,0,4
Essity Hygiene and Health AB,2,0,4
Femasys Inc.,2,0,4
Freya Biosciences ApS,2,0,4
"Glac Biotech Co., Ltd",2,0,4
Glyance,2,0,4
"Glycomine, Inc.",2,1,4
"Hangzhou Hanx Biopharmaceuticals, Ltd.",2,0,4
HelpWear Inc.,2,0,4
HemoCept Inc.,2,0,4
Hofseth Biocare ASA,2,0,4
ImmuneSensor Therapeutics Inc.,2,0,4
Inmagene LLC,2,0,4
InnoCare Pharma Inc.,2,1,4
Intelligent Bio Solutions Inc.,2,0,4
Kate Farms Inc,2,0,4
"Lynk Pharmaceuticals Co., Ltd",2,3,4
Mapi Pharma Ltd.,2,1,4
Myant Medical Corp.,2,0,4
NeuroPace,2,0,4
"NextCure, Inc.",2,0,4
"NiKang Therapeutics, Inc.",2,0,4
Nucleix Ltd.,2,0,4
Organogenesis,2,2,4
PepGen Inc,2,0,4
Persephone Biosciences,2,0,4
"Portal Therapeutics, Inc.",2,1,4
ReCode Therapeutics,2,0,4
"ReFlow Medical, Inc.",2,0,4
"Relmada Therapeutics, Inc.",2,3,4
Restor3D,2,0,4
Reunion Neuroscience Inc,2,0,4
Rovi Pharmaceuticals Laboratories,2,1,4
SCF Pharma,2,0,4
Science Corporation,2,0,4
Sebela Women's Health Inc.,2,2,4
"Shattuck Labs, Inc.",2,0,4
SOFIE,2,2,4
Sparrow Pharmaceuticals,2,0,4
Toivoa Inc,2,0,4
"Tonix Pharmaceuticals, Inc.",2,0,4
Transgene,2,0,4
Upstream Bio Inc.,2,0,4
Vor Biopharma,2,4,4
"Wuhan YZY Biopharma Co., Ltd.",2,1,4
"Xilio Development, Inc.",2,0,4
"Zhuhai United Laboratories Co., Ltd.",2,0,4
3-C Institute for Social Development,2,0,3
35Pharma Inc,2,0,3
60 Degrees Pharmaceuticals LLC,2,0,3
Acrotech Biopharma Inc.,2,1,3
Adagene Inc,2,0,3
ADC Therapeutics S.A.,2,1,3
Air Liquide Healthcare Spain,2,0,3
Alebund Pharmaceuticals,2,2,3
"Alpha Biopharma (Jiangsu) Co., Ltd.",2,0,3
"Alzamend Neuro, Inc.",2,0,3
"Ancora Heart, Inc.",2,0,3
"Ankyra Therapeutics, Inc",2,0,3
AnX Robotica Corp.,2,0,3
Applied Food Sciences Inc.,2,0,3
"Apreo Health, Inc.",2,0,3
Arctic Therapeutics,2,0,3
"Arnatar Therapeutics, Inc.",2,0,3
"Artiva Biotherapeutics, Inc.",2,0,3
Ascendis Pharma Growth Disorders A/S,2,2,3
Aston Sci. Inc.,2,0,3
Athletic Greens International,2,0,3
"Atossa Therapeutics, Inc.",2,0,3
Aurion Biotech,2,1,3
"Autobahn Therapeutics, Inc.",2,0,3
Autotelicbio,2,1,3
"AVEO Pharmaceuticals, Inc.",2,2,3
"Belite Bio, Inc",2,3,3
Biocon Biologics UK PLC,2,0,3
Bionoxx Inc.,2,0,3
Bioteck S.p.A.,2,0,3
Bitbrain,2,0,3
BonusBio Group Ltd,2,1,3
BPGbio,2,0,3
"Caption Health, Inc.",2,0,3
CEBIOTEX,2,0,3
"Century Therapeutics, Inc.",2,0,3
Checkpoint Surgical Inc.,2,0,3
"Clear Scientific, Inc.",2,0,3
Clover Link,2,0,3
"Cognito Therapeutics, Inc.",2,0,3
Compremium AG,2,0,3
Compugen Ltd,2,0,3
Conceivable Life Sciences,2,0,3
"COUR Pharmaceutical Development Company, Inc.",2,0,3
Croma-Pharma GmbH,2,1,3
"Cryosa, Inc.",2,0,3
Cumberland Pharmaceuticals,2,0,3
"Curis, Inc.",2,0,3
Curium US LLC,2,3,3
CytomX Therapeutics,2,0,3
Dr. F. Köhler Chemie GmbH,2,1,3
"E-nitiate Biopharmaceuticals (Hangzhou) Co., Ltd.",2,1,3
"EHL Bio Co., Ltd.",2,1,3
"Enanta Pharmaceuticals, Inc",2,0,3
"Endeavor Biomedicines, Inc.",2,0,3
Enlivex Therapeutics Ltd.,2,0,3
EnnovaBio,2,0,3
Epygenix,2,2,3
"Everest Medicines (China) Co.,Ltd.",2,0,3
Faeth Therapeutics,2,0,3
Field Medical,2,0,3
"Foresee Pharmaceuticals Co., Ltd.",2,1,3
Galimedix Therapeutics Inc,2,0,3
GC Cell Corporation,2,2,3
GCP-Service International West GmbH,2,0,3
Gemma Biotherapeutics,2,0,3
Genelux Corporation,2,1,3
"Genprex, Inc.",2,0,3
"Gentuity, LLC",2,0,3
"Gravitas Medical, Inc.",2,0,3
"Hangzhou Yirui Pharmaceutical Technology Co., Ltd",2,0,3
Harrow Inc,2,1,3
HemoSonics LLC,2,0,3
HiFiBiO Therapeutics,2,0,3
HitGen Inc.,2,0,3
Hope Biosciences LLC,2,0,3
I-Mab Biopharma US Limited,2,0,3
IceCure Medical Ltd.,2,0,3
"Immunomic Therapeutics, Inc.",2,0,3
"Impact Therapeutics, Inc.",2,1,3
"Imperative Care, Inc.",2,0,3
Indena S.p.A,2,0,3
Inhibikase Therapeutics,2,2,3
"Intalight, Inc",2,0,3
"Intralytix, Inc.",2,0,3
IO Biotech,2,1,3
"iotaMotion, Inc.",2,0,3
"Jetema Co., Ltd.",2,0,3
"Kiora Pharmaceuticals, Inc.",2,0,3
Koronis Biomedical Technologies,2,0,3
Ksana Health,2,0,3
"Kylonova (Xiamen) Biopharma co., LTD.",2,0,3
L&C Bio,2,0,3
Laboratorios Ozoaqua,2,0,3
Ladera Medical,2,0,3
Lantu Biopharma,2,1,3
"Larimar Therapeutics, Inc.",2,1,3
"LigaChem Biosciences, Inc.",2,0,3
Linio Biotech Oy,2,0,3
Livzon Pharmaceutical Group Inc.,2,2,3
Lubris Bio Pty Ltd,2,0,3
"Lucid Diagnostics, Inc.",2,0,3
Lumenis Be Ltd.,2,0,3
mAbxience Research S.L.,2,3,3
Mead Johnson Nutrition,2,0,3
Meccellis Biotech,2,0,3
MediciNova,2,1,3
Medinol Ltd.,2,0,3
"Metro International Biotech, LLC",2,0,3
Moleac Pte Ltd.,2,2,3
"Nanjing Minova Pharmaceutical Co., Ltd.",2,1,3
Nanjing Zenshine Pharmaceuticals,2,2,3
NeuroDerm Ltd.,2,1,3
NEUROPHET,2,0,3
Next Life Sciences,2,0,3
"NGM Biopharmaceuticals, Inc",2,0,3
Noema Pharma AG,2,1,3
NPO Petrovax,2,1,3
Op-T LLC,2,0,3
"OPKO Health, Inc.",2,0,3
OSE Immunotherapeutics,2,1,3
Ostia Sciences,2,0,3
"Oui Therapeutics, Inc.",2,0,3
"Palatin Technologies, Inc",2,0,3
"PharmaResearch Co.,Ltd",2,1,3
"Pharmbio Korea Co., Ltd.",2,2,3
Phenox GmbH,2,0,3
Point Designs,2,0,3
PolyActiva Pty Ltd,2,0,3
Price Vision Group,2,3,3
Procter and Gamble,2,0,3
"ProDa BioTech, LLC",2,0,3
"Protagonist Therapeutics, Inc.",2,2,3
"Pulnovo Medical (Wuxi) Co., Ltd.",2,1,3
"QHSLab, Inc.",2,0,3
"Regeneration Biomedical, Inc.",2,0,3
"Renibus Therapeutics, Inc.",2,1,3
"Reprieve Cardiovascular, Inc",2,1,3
Rethink Medical SL,2,0,3
"Rivus Pharmaceuticals, Inc.",2,0,3
Sagimet Biosciences Inc.,2,1,3
"SB Technology, Inc.",2,0,3
SciClone Pharmaceuticals,2,0,3
"Shanghai Auzone Biological Technology Co., Ltd.",2,0,3
"Shanghai MicroPort Medical (Group) Co., Ltd.",2,0,3
Shijiazhuang Yiling Pharmaceutical Co. Ltd,2,1,3
"SK Bioscience Co., Ltd.",2,1,3
"Sling Therapeutics, Inc.",2,3,3
"Solarea Bio, Inc",2,0,3
SOTIO Biotech a.s.,2,0,3
SPARK Biopharma,2,0,3
Spinal Stabilization Technologies,2,0,3
"Spirair, Inc",2,0,3
SRI International,2,0,3
Stealth BioTherapeutics Inc.,2,2,3
"Suzhou Junjing BioSciences Co., Ltd.",2,0,3
"Synermore Biologics (Suzhou) Co., Ltd.",2,0,3
"Taejoon Pharmaceutical Co., Ltd.",2,2,3
Taivex Therapeutics Corporation,2,0,3
"Teikoku Pharma USA, Inc.",2,0,3
Terumo Europe N.V.,2,0,3
"Thiogenesis Therapeutics, Inc.",2,0,3
"Thryv Therapeutics, Inc.",2,1,3
Toll Biotech Co. Ltd. (Beijing),2,0,3
Tolmar Inc.,2,2,3
"Toray Industries, Inc",2,0,3
Trak Health Solutions S.L.,2,0,3
Translumina GmbH,2,0,3
Trellis Bioscience LLC,2,0,3
"Trust Bio-sonics, Inc.",2,2,3
ULURU Inc.,2,0,3
VectivBio AG,2,2,3
"Venturis Therapeutics, Inc.",2,0,3
Verb Biotics LLC,2,0,3
Verdiva Bio Dev Limited,2,0,3
Vertero Therapeutics,2,0,3
Visirna Therapeutics HK Limited,2,2,3
VPIX Medical,2,0,3
"Xcovery Holdings, Inc.",2,1,3
"Zhejiang Anglikang Pharmaceutical Co., Ltd.",2,0,3
Zymeworks BC Inc.,2,0,3
"3H (Suzhou) Pharmaceuticals Co., Ltd.",2,0,2
3Spine,2,0,2
AbCellera Biologics Inc.,2,0,2
"Ablative Solutions, Inc.",2,2,2
"Abyrx, Inc.",2,0,2
"AccurKardia, Inc.",2,0,2
Accutar Biotechnology Inc,2,0,2
Ache Laboratorios Farmaceuticos S.A.,2,2,2
Acorai AB,2,0,2
"AcQumen Medical, Inc.",2,0,2
Acrivon Therapeutics,2,0,2
Actinium Pharmaceuticals,2,2,2
"Actio Biosciences, Inc.",2,0,2
Actuate Therapeutics Inc.,2,0,2
Acurable Ltd.,2,0,2
"AdaptDx, Inc.",2,0,2
Adcentrx Therapeutics,2,0,2
Adraxe Corp.,2,0,2
Advanced NanoTherapies,2,0,2
"Aesculap Biologics, LLC",2,2,2
"Aimei Vacin BioPharm (Zhejiang) Co., Ltd.",2,1,2
"AiViva BioPharma, Inc.",2,0,2
Akcea Therapeutics,2,0,2
"Aktis Oncology, Inc.",2,0,2
Alessa Therapeutics Inc.,2,0,2
Alimera Sciences,2,0,2
"Alleviant Medical, Inc.",2,0,2
Allurion Technologies,2,0,2
"Alpheus Medical, Inc.",2,0,2
"Alterome Therapeutics, Inc.",2,0,2
AltruBio Inc.,2,0,2
Alucent Biomedical,2,0,2
"Alveus Therapeutics, Inc.",2,0,2
Alzheimer's Light LLC,2,0,2
Amber Implants B.V.,2,0,2
Amber Therapeutics Ltd,2,0,2
Amckaus PTY LTD.,2,0,2
American Association of Sensory Electrodiagnostic Medicine,2,0,2
Amplia Therapeutics Limited,2,0,2
"Amplitude Vascular Systems, Inc.",2,0,2
Amydis Inc.,2,0,2
Anaconda Biomed S.L.,2,0,2
"AnaptysBio, Inc.",2,0,2
"Anbogen Therapeutics, Inc.",2,0,2
Andromeda Surgical,2,0,2
"Anika Therapeutics, Inc.",2,0,2
Antev Ltd.,2,0,2
Anthogyr,2,0,2
Anwita Biosciences,2,0,2
Aphaia Pharma US LLC,2,0,2
Append Medical Ltd.,2,0,2
Aptitude Medical Systems,2,0,2
"ARCE Therapeutics, Inc.",2,0,2
Arga Medtech SA,2,0,2
"Aribio Lab Co., Ltd.",2,0,2
"ARJ Medical, Inc.",2,2,2
Arkin,2,0,2
"Arsenal Medical, Inc.",2,0,2
ArthroBiologix Inc.,2,0,2
ARTIDIS AG,2,0,2
Ascension Health,2,1,2
"Ascentawits Pharmaceuticals, Ltd",2,0,2
"Ascidian Therapeutics, Inc",2,0,2
Ashibio Inc,2,1,2
"Aspeya, Inc.",2,0,2
"AST Products, Inc.",2,0,2
Asten Sante,2,0,2
"AtaCor Medical, Inc.",2,0,2
Atamyo Therapeutics,2,0,2
"Atavistik Bio, Inc",2,0,2
"ATI Holdings, LLC",2,0,2
Atos Medical AB,2,0,2
Atsena Therapeutics Inc.,2,1,2
AUG Therapeutics,2,2,2
Ausnutria Hyproca B.V.,2,0,2
Avacta Life Sciences Ltd,2,0,2
"AvenCell Therapeutics, Inc.",2,0,2
AventaMed DAC,2,0,2
"Aventyn, Inc.",2,0,2
"Averto Medical, Inc.",2,0,2
Avizor SA,2,1,2
AVM Biotechnology Inc,2,0,2
"Axon Therapies, Inc.",2,0,2
Aymes International Limited,2,0,2
Azidus Brasil,2,2,2
Azurity Pharmaceuticals,2,0,2
Balt Extrusion,2,0,2
Bantam Pharmaceuticals,2,0,2
"Beijing Dongfang Biotech Co., Ltd.",2,2,2
"Beijing Kanghong Biological Medicine Co., Ltd.",2,2,2
"Beijing Northland Biotech. Co., Ltd.",2,0,2
Beijing Tricision Biotherapeutics Inc,2,0,2
"Beijing VDJBio Co., LTD.",2,1,2
Beijing Yongtai Ruike Biotechnology Company Ltd,2,0,2
"Belief BioMed (Beijing) Co., Ltd",2,0,2
BelleTorus Corporation,2,0,2
Bial - Portela C S.A.,2,0,2
bioAffinity Technologies Inc.,2,0,2
"BioAge Labs, Inc.",2,0,2
"BioAtla, Inc.",2,0,2
Bioiberica,2,0,2
Bioithas SL,2,0,2
Biojiva LLC,2,1,2
Biolexis Therapeutics,2,0,2
"Biomed Industries, Inc.",2,1,2
Bionic Sight LLC,2,0,2
BioPorto Diagnostics,2,0,2
Bioretec Ltd.,2,0,2
Biotech Healthcare Holding Gmbh,2,0,2
Biotechnology Institute IMASD,2,0,2
BioVentrix,2,0,2
BioVersys AG,2,0,2
BioVersys SAS,2,1,2
BIWAKO,2,0,2
"Black Diamond Therapeutics, Inc.",2,0,2
"Bliss Biopharmaceutical (Hangzhou) Co., Ltd",2,0,2
BlossomHill Therapeutics,2,0,2
"Bluefin Biomedicine, Inc.",2,1,2
"Bluejay Diagnostics, Inc.",2,0,2
BlueSky Immunotherapies GmbH,2,0,2
Bodyport Inc.,2,0,2
Boehringer Labs LLC,2,0,2
Bosnalijek D.D,2,0,2
"Bostal Drug Delivery Co., Ltd",2,2,2
BostonGene,2,0,2
"Botanic Tonics, LLC",2,0,2
"Brain Neurotherapy Bio, Inc.",2,0,2
BreakBio Corp,2,0,2
"Bright Cell, Inc.",2,0,2
Bright Minds Biosciences Pty Ltd,2,0,2
"Brise Pharmaceuticals Co., Ltd.",2,2,2
"Brixton Biosciences, Inc.",2,0,2
Butterfly Medical Ltd.,2,0,2
C Ray Therapeutics,2,0,2
Capricor Inc.,2,1,2
Carag AG,2,0,2
"Cardiac Dimensions, Inc.",2,0,2
Cardiac Success,2,0,2
Cardionovum GmbH,2,0,2
"CardioRenal Systems, Inc.",2,0,2
CARE ARTHRITIS LTD.,2,0,2
CareAcross,2,0,2
"Carevive Systems, Inc.",2,0,2
"Caribou Biosciences, Inc.",2,0,2
"Caris Science, Inc.",2,0,2
Caristo Diagnostics Limited,2,0,2
Carmat SAS,2,0,2
"CASI pharmaceuticals, Inc.",2,0,2
"Castle Creek Biosciences, LLC.",2,2,2
"CCRF Inc., Beijing, China",2,0,2
Cell Biopeutics Resources Sdn Bhd,2,0,2
Cell>Point LLC,2,1,2
"Cellbion Co., Ltd.",2,0,2
"Cellid Co., Ltd.",2,1,2
CellinCells,2,0,2
Cellmedis,2,0,2
Celltex Therapeutics Corporation,2,0,2
Centinel Spine,2,0,2
Centre for Neuro Skills,2,0,2
"Cerus Endovascular, Inc.",2,0,2
"Chengdu JOYO pharma Co., Ltd.",2,1,2
"Chengdu Kanghong Biotech Co., Ltd.",2,0,2
"Chengdu Syncor Pharmaceutical Co., Ltd.",2,0,2
Chimivac INC,2,0,2
Chiome Bioscience Inc.,2,0,2
Christopher Williams,2,0,2
"ChromaDex, Inc.",2,0,2
ChromX Health,2,0,2
City Therapeutics,2,0,2
"Clarion Cells, Inc.",2,0,2
"Clasp Therapeutics, Inc.",2,0,2
ClinLogic LLC,2,0,2
CNBG-Virogin Biotech (Shanghai) Ltd.,2,0,2
Code Pharma,2,0,2
Cognixion,2,0,2
Consun Pharmaceutical Group,2,0,2
Cordio Medical,2,0,2
CorFlow Therapeutics AG,2,0,2
CorMedix Therapeutics,2,1,2
Corsera Health,2,0,2
Cortex Neurovascular,2,0,2
"Corvivo Cardiovascular, Inc.",2,0,2
"COSMO ROBOTICS CO., Ltd",2,0,2
"Cosmos Rx, Inc",2,0,2
CrannMed,2,0,2
Cristália Produtos Químicos Farmacêuticos Ltda.,2,0,2
CroiValve Limited,2,0,2
"Crossbow Therapeutics, Inc.",2,0,2
Cryotherapeutics SA,2,0,2
"CSPC Mingfule Pharmaceutical (Guangzhou) Co., Ltd.",2,1,2
Curocell Inc.,2,0,2
Cyllene Therapeutics,2,0,2
Cytori Therapeutics,2,0,2
"CytoSorbents, Inc",2,0,2
Daily Nouri,2,0,2
Dalia Care,2,0,2
Danisco,2,0,2
"Darwin Origin (Hubei) Biopharmaceutical Co., Ltd.",2,0,2
DeepQure Inc.,2,0,2
Devintec Sagl,2,0,2
Devyser Inc.,2,0,2
Diabetis JSC,2,0,2
"Digital Diagnostics, Inc.",2,0,2
Distribuidora Biolife SA de CV,2,0,2
DMG Dental Material Gesellschaft mbH,2,0,2
DOF Inc.,2,0,2
Draig Therapeutics Ltd,2,0,2
Duomed,2,0,2
Dynavax Technologies Corporation,2,0,2
Ebima Clifford Okundaye,2,2,2
EchoNous Inc.,2,0,2
Edgewood Oncology Inc.,2,0,2
Egyptian International Pharmaceutical Industries Co,2,0,2
Electra Therapeutics Inc.,2,1,2
Elgan Pharma Ltd.,2,1,2
"Elixirgen Therapeutics, Inc.",2,0,2
Elysium Health,2,0,2
"Emblok, Inc.",2,0,2
Embody Orthopaedic Limited,2,0,2
Emobot,2,0,2
ENBIOSIS BIOTECHNOLOGIES,2,0,2
ENCell,2,0,2
Encellin,2,0,2
"EnCompass Technologies, Inc.",2,0,2
Endo Health GmbH,2,0,2
Endospan Ltd.,2,0,2
Ensoma,2,0,2
Ensysce Biosciences,2,1,2
Envivo Bio Inc,2,0,2
Eodyne Systems SL,2,0,2
Epax Norway AS,2,0,2
"Epigenic Therapeutics, Inc",2,0,2
"Epiminder America, Inc.",2,0,2
Epineuron Technologies Inc.,2,0,2
Equa Health,2,0,2
"Estar Medical dba Medical Technologies, LTD",2,0,2
"EuBiologics Co.,Ltd",2,0,2
Eureka Therapeutics Inc.,2,0,2
Europa Life Sciences Limited,2,0,2
Eurosets S.r.l.,2,0,2
"Everest Medicines (Beijing) Co., Ltd.",2,0,2
Excelsior,2,0,2
EXoPERT,2,0,2
Exosystems,2,0,2
"Far East Bio-Tec Co., Ltd",2,0,2
Faron Pharmaceuticals Ltd,2,0,2
Feeltect Limited,2,0,2
Ferrer Internacional S.A.,2,0,2
Fibralign Corporation,2,0,2
Filament Health Corp.,2,0,2
Filamon LTD,2,0,2
"Five Eleven Pharma, Inc.",2,1,2
Flare Therapeutics Inc.,2,0,2
"Flaus, Inc",2,0,2
Friendi.fi Corporation,2,0,2
"Fujian Haixi Pharmaceuticals Co., Ltd.",2,0,2
Fulgent Pharma LLC.,2,0,2
FUSMobile Inc.,2,0,2
FX Shoulder Solutions,2,0,2
FX Solutions,2,0,2
"Gain Therapeutics, Inc.",2,0,2
Galaxy Therapeutics INC,2,1,2
Galvani Bioelectronics,2,0,2
"Galvanize Therapeutics, Inc.",2,0,2
Gedeon Richter Plc.,2,1,2
Gelscom SAS,2,1,2
Genascence Corporation,2,1,2
Geneos Therapeutics,2,0,2
"GeneQuantum Healthcare (Suzhou) Co., Ltd.",2,1,2
General Neuro Inc.,2,0,2
"GeneSail Biotech (Shanghai) Co., Ltd.",2,0,2
"GenomeFrontier Therapeutics TW Co., Ltd.",2,0,2
"Genor Biopharma Co., Ltd.",2,1,2
"GentiBio, Inc",2,0,2
Georgiamune Inc,2,0,2
GIE Medical,2,2,2
"GigaGen, Inc.",2,0,2
Gliknik Inc.,2,0,2
GrayMatters Health Ltd.,2,0,2
Great Novel Therapeutics Biotech & Medicals Corporation,2,0,2
"Guangdong Hengqin Novagains Biopharmaceutical Co., Ltd.",2,0,2
"Guangzhou Magpie Pharmaceuticals Co., Ltd.",2,0,2
"Guangzhou Novaken Pharm Co., Ltd.",2,0,2
"Guangzhou Ruixin Biotechnological Co., LTD",2,0,2
Guna S.p.a,2,0,2
Gylden Pharma Ltd,2,0,2
HabitAware Inc.,2,0,2
HALO Diagnostics,2,0,2
"Han Xu, M.D., Ph.D., FAPCR, Medical Director, IRB Chair",2,1,2
"Han Xu, M.D., Ph.D., FAPCR, Medical Director,, IRB Chair",2,2,2
"Hangzhou Adcoris Biopharmacy Co., Ltd",2,0,2
"Hangzhou Broncus Medical Co., Ltd.",2,0,2
"Hangzhou GluBio Pharmaceutical Co., Ltd.",2,0,2
"Hangzhou Reprogenix Bioscience, Inc",2,0,2
"Hanx Biopharmaceuticals (Wuhan) Co., Ltd.",2,0,2
"Hasten Biopharmaceutical Co., Ltd.",2,1,2
Health and Happiness Research Limited,2,0,2
Health Hope Pharma,2,1,2
Heart Input Output Inc,2,0,2
"HeartBeam, Inc.",2,0,2
Heartseed Inc.,2,0,2
Heidelberg Engineering GmbH,2,0,2
Helaina Inc.,2,0,2
Hemanext,2,0,2
Herbarium Laboratorio Botanico Ltda,2,0,2
Herrick Medical LLC,2,0,2
"Hexun Biosciences Co., LTD.",2,0,2
Hikma Pharmaceuticals LLC,2,0,2
Hinge Bio,2,0,2
Hip Innovation Technology,2,0,2
Hopeful Aging,2,0,2
HRYZ Biotech Co.,2,0,2
Hutom Corp,2,0,2
Hyivy Health Inc,2,0,2
Hypersound Medical Inc,2,0,2
"Hyundai Bioscience Co., Ltd.",2,1,2
Hyundai Pharm,2,1,2
iCamuno Biotherapeutics Ltd.,2,0,2
icometrix,2,0,2
IDP Discovery Pharma S.L.,2,0,2
"iECURE, Inc.",2,1,2
iHealthScreen Inc,2,0,2
iIDEAS Group Holdings Limited,2,0,2
Immatics Biotechnologies GmbH,2,0,2
Immuneering Corporation,2,1,2
Immunis.AI,2,0,2
ImmunoGenesis,2,0,2
"Immunophotonics, Inc.",2,1,2
"ImmunoVaccine Technologies, Inc. (IMV Inc.)",2,0,2
Impact Biotech Ltd,2,0,2
Implai Sp z o.o,2,0,2
Imricor Medical Systems,2,0,2
Imviva Bio,2,0,2
Infectopharm Arzneimittel GmbH,2,1,2
Inion Oy,2,0,2
Innolake Biopharm,2,0,2
Innopeutics Corporation,2,0,2
InnoPharmax Inc.,2,2,2
InnoVec Biotherapeutics Inc.,2,0,2
Innoventric LTD,2,0,2
InnovHeart,2,0,2
Innoviva Specialty Therapeutics,2,0,2
Inotrem,2,0,2
Insight Molecular Diagnostics,2,0,2
Integrative Skin Science and Research,2,0,2
Integrum,2,0,2
Inti Labs,2,0,2
"inTumo Therapeutics, Inc.",2,0,2
"Inventage Lab., Inc.",2,0,2
InventVacc Biologicals Inc.,2,0,2
Invitae Corporation,2,0,2
"Invivoscribe, Inc.",2,0,2
invoX Pharma Limited,2,0,2
Iperboreal Pharma Srl,2,1,2
ISTITUTO FARMOCHIMICO FITOTERAPICO: EPO SRL,2,0,2
iTeos Therapeutics,2,0,2
"iVeena Delivery Systems, Inc.",2,0,2
"J-Pharma Co., Ltd.",2,1,2
Javelin Medical,2,0,2
Jeisys Medical Inc,2,0,2
Jenscare Innovation Inc.,2,0,2
"Jiangsu BioJeTay Biotechnology Co., Ltd.",2,1,2
"Jiangsu Genscend Biopharmaceutical Co., Ltd",2,1,2
"Jiangsu Kanion Pharmaceutical Co., Ltd",2,0,2
"Jiangsu Nutai Biologics Co., Ltd",2,0,2
JRI Orthopaedics,2,0,2
Jubilant Therapeutics Inc.,2,0,2
Juvena Therapeutics,2,0,2
JYAMS PET Research & Development Limited,2,2,2
"K36 Therapeutics, Inc.",2,0,2
"Kali Therapeutics, Inc.",2,0,2
"Karius, Inc.",2,0,2
Kent Imaging Inc,2,0,2
Kivu Bioscience Inc.,2,0,2
"Kringle Pharma, Inc.",2,2,2
Kubota Vision Inc.,2,0,2
"Kure Cells, INC",2,0,2
Kyntra Bio,2,1,2
Laboratoires BIOTIC Phocea,2,0,2
Laboratoires URGO,2,0,2
Laboratorio Elea Phoenix S.A.,2,1,2
"Lactomason Co., Ltd.",2,0,2
Lakewood-Amedex Inc,2,0,2
Laminar Pharmaceuticals,2,1,2
"LaNova Medicines Zhejiang Co., Ltd.",2,1,2
"Lanzhou Institute of Biological Products Co., Ltd",2,0,2
LAPIX Therapeutics Inc.,2,0,2
LASARRUS Clinic and Research Center,2,0,2
"Leal Therapeutics, Inc",2,0,2
Legacy Medical Consultants,2,0,2
Lei Yunshang Group,2,0,2
"Lepu Medical Technology (Beijing) Co., Ltd.",2,0,2
Les Laboratoires des Médicaments Stériles,2,0,2
"Levee Medical, Inc.",2,1,2
"Liaoning Medical Diagnosis and Treatment Technology Research and Development Co., Ltd.",2,0,2
Life Detection Technologies,2,0,2
Lindenhofgruppe AG,2,0,2
"Linnaeus Therapeutics, Inc.",2,1,2
Lipogems International spa,2,1,2
LOGEX,2,0,2
"Luminate Medical, Inc.",2,0,2
Lungpacer Medical Inc.,2,0,2
LuSeed Vascular LTD.,2,0,2
MaaT Pharma,2,1,2
Mabylon AG,2,0,2
"magAssist, Inc.",2,0,2
Magnus Medical,2,0,2
Maia Biotechnology,2,1,2
Mainz Biomed,2,0,2
March Biosciences Inc,2,0,2
"Marengo Therapeutics, Inc.",2,0,2
Marzieh Ebrahimi,2,0,2
Maxx Orthopedics Inc,2,0,2
Maze Therapeutics,2,0,2
MBrace Therapeutics,2,0,2
MED Institute Inc.,2,0,2
"Medaxis, LLC",2,0,2
Medical Inventi S.A.,2,0,2
Medigen Biotechnology Corporation,2,0,2
Medipost Co Ltd.,2,0,2
Medistim ASA,2,0,2
MegaPro Biomedical Co. Ltd.,2,0,2
"MeLSyTech, Ltd",2,0,2
MeMed Diagnostics Ltd.,2,0,2
"Menicon Co., Ltd.",2,0,2
"Mentor Worldwide, LLC",2,0,2
"Meribank Biotech Co., Ltd.",2,0,2
"Mesoblast, Ltd.",2,2,2
Metanoic Health Ltd.,2,0,2
Micro Interventional Devices,2,0,2
"Micro Medical Solution, Inc.",2,0,2
MicroTransponder Inc.,2,0,2
"Minoryx Therapeutics, S.L.",2,1,2
MiRus,2,0,2
Mitral,2,0,2
"Mitrassist Lifesciences Limited Co., Ltd.",2,0,2
Molecure S.A.,2,0,2
MOMA Therapeutics,2,0,2
Monopar Therapeutics,2,0,2
"Motif Neurotech, Inc.",2,0,2
Motion Informatics LTD,2,0,2
Motiva USA LLC,2,0,2
MOVMEDIX,2,0,2
"MSD R&D (China) Co., Ltd.",2,0,2
Munich Leukemia Laboratory,2,0,2
"Murata Vios, Inc.",2,0,2
mylife Diabetes Care AG,2,0,2
Myopowers Medical Technologies France SAS,2,0,2
"Myoptechs, Inc",2,0,2
Myosin Therapeutics Inc.,2,0,2
Myota GmbH,2,0,2
Myungmoon Pharma. Co. Ltd.,2,0,2
"Nalu Medical, Inc.",2,0,2
"Nanjing Reju Therapeutics Co., Ltd",2,0,2
"Nanochon, Inc.",2,0,2
"Nanolattix Biotechnology Co., Ltd.",2,0,2
Nanostics,2,0,2
NAOS Les Laboratoires,2,0,2
NEC Bio B.V,2,0,2
Nelum Corp,2,0,2
NeoChord,2,0,2
"NEOK Bio, Inc.",2,0,2
Neudive Inc.,2,0,2
Neuralert Technologies LLC,2,0,2
Neuravi Limited,2,0,2
Neuren Pharmaceuticals Limited,2,2,2
"NeuroBiogen Co., Ltd",2,0,2
Neurogene Inc.,2,1,2
Neurolab Plus,2,0,2
Neurona Therapeutics,2,1,2
Neurosoft Bioelectronics SA,2,0,2
Neurotech Pharmaceuticals,2,1,2
Neurothera Labs Inc.,2,0,2
"Neurotronic, Inc.",2,0,2
Nexcella Inc.,2,1,2
"NextPoint Therapeutics, Inc.",2,0,2
"NGGT (Suzhou) Biotechnology Co., Ltd.",2,0,2
"Ningbo Rongan Biological Pharmaceutical Co., Ltd.",2,1,2
"NKGen Biotech, Inc.",2,0,2
Noah Labs,2,0,2
Noah Medical,2,0,2
"Noah Tech, Corp.",2,0,2
NOBO Medicine,2,0,2
"Nova Eye, Inc.",2,0,2
NovaGo Therapeutics AG,2,0,2
"NovaRock Biotherapeutics, Ltd",2,0,2
"Novatim Immune Therapeutics (Zhejiang) Co., Ltd.",2,0,2
Novonesis,2,0,2
"Nu Eyne Co., Ltd.",2,0,2
"Nuvaira, Inc.",2,0,2
NuvoAir Medical PC,2,0,2
"Ocean Spray Cranberries, Inc.",2,0,2
"Omeza, LLC",2,0,2
OMNIFARMA LLC,2,0,2
Oncomatryx Biopharma S.L.,2,0,2
Oncotelic Inc.,2,1,2
OneCarbon,2,0,2
"OpalGenix, Inc",2,0,2
"Orchestra BioMed, Inc",2,0,2
Origin Sciences,2,0,2
"OrsoBio, Inc",2,0,2
Oscotec Inc.,2,0,2
Osheru Inc.,2,0,2
Otto Bock France SNC,2,0,2
"Outpace Bio, Inc.",2,0,2
"Owlet Baby Care, Inc.",2,0,2
P+F Products + Features USA Inc.,2,0,2
"PainTEQ, LLC",2,0,2
"Palette Life Sciences, Inc.",2,0,2
Palisade Bio,2,0,2
"PAQ Therapeutics, Inc.",2,0,2
Paradigm Therapeutics,2,2,2
Pasithea Therapeutics Corp.,2,0,2
"Pell Bio-Med Technology Co., Ltd.",2,0,2
"PeproMene Bio, Inc.",2,0,2
"Perceive Biotherapeutics, Inc.",2,0,2
Perelel Inc.,2,0,2
Perosphere Technologies Inc.,2,0,2
Phoenix Nest,2,0,2
Photocure,2,0,2
Phrontline Biopharma,2,0,2
Pierian Biosciences,2,0,2
Pierre Fabre Pharma GmbH,2,0,2
Pleryon Therapeutics (Hangzhou) Limited,2,0,2
Plexaa Ltd,2,0,2
"PMV Pharmaceuticals, Inc",2,0,2
PreludeDx,2,0,2
Prenetics Global,2,0,2
"Prenosis, Inc.",2,0,2
"Presidio Medical, Inc",2,0,2
Prilenia,2,2,2
Primex ehf,2,0,2
ProArc Medical,2,0,2
Prolaio,2,0,2
Promedon,2,0,2
ProQR Therapeutics,2,1,2
ProSomnus Sleep Technologies,2,0,2
Prospect Therapeutics (Nanjing) Limited,2,0,2
Proteocyte Diagnostics Inc.,2,0,2
Psyrin Inc.,2,0,2
Puressentiel,2,0,2
"Q Therapeutics, Inc.",2,0,2
Q32 Bio Inc.,2,0,2
QBiotics Group Limited,2,0,2
QualiMed Innovative Medizinprodukte GmbH,2,0,2
"QuantX Biosciences, Inc.",2,0,2
Qufora A/S,2,0,2
R-Bio,2,1,2
Rapamycin Holdings Inc.,2,1,2
"Ratio Therapeutics, Inc.",2,0,2
"Recross Cardio, Inc.",2,0,2
Redx Pharma Ltd,2,0,2
RefleXion Medical,2,0,2
Regenerative Ocular Immunobiologics LLC,2,1,2
Rehear Audiology Company LTD,2,0,2
Relation Therapeutics,2,0,2
Remix Therapeutics,2,0,2
Renata Medical,2,0,2
RenovoRx,2,1,2
Resilient Pharmaceuticals,2,0,2
Resolve Stroke,2,0,2
"Restem, LLC.",2,1,2
Restorbio Inc.,2,0,2
Resurge Therapeutics Inc.,2,0,2
Resverlogix Corp,2,1,2
ReValve Solutions Inc.,2,0,2
Rgene Corporation,2,0,2
Rhythm Diagnostic Systems,2,0,2
RiboX Therapeutics Ltd.,2,0,2
"Rigicon, Inc.",2,0,2
RJK Biopharma Ltd,2,0,2
Robocath,2,0,2
Rubix LS,2,0,2
"Ryme Medical, Inc.",2,0,2
"S-Alpha Therapeutics, Inc.",2,0,2
"S1 Biopharma, Inc.",2,0,2
Salts Healthcare,2,0,2
Samaritan Biologics,2,0,2
"Samphire Group, Inc.",2,0,2
SANGMYUNG innovation,2,2,2
Sanoculis Ltd,2,0,2
Saol Therapeutics Inc,2,2,2
"Satellos Bioscience, Inc.",2,0,2
Savara Inc.,2,2,2
SC Medica,2,0,2
SCG Cell Therapy Pte. Ltd.,2,0,2
"Schrödinger, Inc.",2,0,2
"SciTech Development, Inc.",2,0,2
Scitech Produtos Medicos SA,2,0,2
Sciton,2,0,2
Seaport Therapeutics,2,0,2
SecuraBio,2,1,2
Sellas Life Sciences Group,2,1,2
Sequana Medical N.V.,2,0,2
"Sequence LifeScience, Inc.",2,0,2
SFA Therapeutics,2,1,2
"Shanghai Hansoh Biomedical Co., Ltd",2,0,2
"Shanghai HEP Pharmaceutical Co., Ltd.",2,1,2
"Shanghai Huihe Medical Technology Co., Ltd",2,0,2
"Shanghai IASO Biotechnology Co., Ltd",2,0,2
Shanghai Miracogen Inc.,2,1,2
"Shanghai Pharmaceutical Group Biological Therapy Technology Co., Ltd.",2,0,2
"Shanghai Ruotuo Biosciences Co., Ltd.",2,0,2
"Shanghai Virogin Biotech Co., Ltd.",2,0,2
Shanghai Yao Yuan Biotechnology Ltd. (also known as Drug Farm),2,0,2
Shanton Pharma Pte. Ltd.,2,0,2
"Shenzhen Ausa Pharmed Co.,Ltd",2,0,2
"Shenzhen Majory Biotechnology Co., Ltd.",2,0,2
"Shenzhen Pulsecare Medical Technology Co., Ltd.",2,0,2
"Shenzhen Wingor Biotechnology Co., Ltd.",2,0,2
"Shine-On Biomedical Co., Ltd.",2,0,2
"Sichuan Honghe Biotechnology Co., Ltd.",2,0,2
"Sichuan Jishengtang Pharmaceutical Co., Ltd.",2,2,2
Signature Orthopaedics,2,0,2
Sinew Pharma Inc.,2,0,2
"Sinomune Pharmaceutical Co., Ltd",2,0,2
Sitala Bio LTD,2,0,2
SkylineDx,2,0,2
"Soleno Therapeutics, Inc.",2,1,2
Sonablate,2,0,2
SONIRE Therapeutics Inc.,2,0,2
"Sorrento Therapeutics, Inc.",2,0,2
Sound Biopharmaceuticals Ltd.,2,0,2
SpectraCure AB,2,0,2
Spiderwort Biotechnologies Inc.,2,0,2
Spinal Simplicity LLC,2,0,2
Splice Bio,2,0,2
"Square2 Systems, Inc.",2,0,2
Stelexis BioSciences,2,0,2
Stella Pharma Corporation,2,0,2
"StemCyte, Inc.",2,1,2
Stereotaxis,2,0,2
Stimuli Technology,2,0,2
Stingray Therapeutics,2,0,2
"Stoke Therapeutics, Inc",2,1,2
Strand Therapeutics Inc.,2,0,2
Sudimplant SAS - Groupe TBR,2,0,2
Sunkaky Medical Cooperation,2,0,2
SuperBonsai Inc.,2,0,2
SurGenTec LLC,2,0,2
"SurgiQuest, Inc.",2,0,2
"Sutro Biopharma, Inc.",2,0,2
"Suzhou Biomissile Pharmaceuticals Co., Ltd.",2,0,2
"Suzhou HepaThera Biotech Co., Ltd.",2,0,2
Suzhou Huhu Health & Technology Inc.,2,0,2
"Suzhou Siran Biotechnology Co.,Ltd.",2,0,2
Syantra Inc.,2,0,2
"Synergic Medical Technologies, Inc.",2,0,2
"Synnovation Therapeutics, Inc.",2,0,2
"Taewoong Medical Co., Ltd.",2,0,2
Tangram Therapeutics Plc,2,0,2
"Tarsus Pharmaceuticals, Inc.",2,0,2
Tau Medical Australia Pty Ltd,2,0,2
"Tau-MEDICAL Co., Ltd.",2,0,2
taVNS AB,2,0,2
"Teal Health, Inc.",2,0,2
"TECLens, Inc.",2,0,2
"Tectonic Operating Company, Inc.",2,0,2
The Bird and Be Co Inc,2,0,2
The Skin Center Dermatology Group,2,0,2
Theolytics Limited,2,0,2
"Theranova, L.L.C.",2,0,2
Therorna,2,0,2
Thirty Respiratory Limited,2,0,2
Throne Biotechnologies Inc.,2,1,2
"TICAROS Co., Ltd.",2,0,2
"TiumBio Co., Ltd.",2,0,2
"TIXiMED, Inc.",2,0,2
"TLC Biopharmaceuticals, Inc.",2,1,2
TME Pharma AG,2,0,2
"Tortugas Neuroscience, Inc.",2,0,2
TR Therapeutics,2,2,2
"Translational Sciences, Inc.",2,0,2
"Transplant Genomics, Inc.",2,0,2
TRB Chemedica International SA,2,0,2
"TRCare, Inc.",2,0,2
"Treadwell Therapeutics, Inc",2,0,2
Tridem Bioscience FlexCo,2,0,2
Triveni Bio,2,0,2
"TrueLab Biopharmaceutical Co., Ltd",2,0,2
TTY Biopharm,2,0,2
"TuHURA Biosciences, Inc.",2,1,2
"UBP Greater China (Shanghai) Co., Ltd",2,0,2
Udisense DBA Nanit,2,0,2
Umbria Bioengineering Technologies,2,0,2
"Unravel Biosciences, Inc.",2,0,2
"Uptake Medical Technology, Inc.",2,0,2
Urmila DIwekar,2,0,2
Uro-1 Medical,2,0,2
Uromedica,2,0,2
Usynova Pharmaceuticals Ltd.,2,0,2
UTC Therapeutics Inc.,2,0,2
"Vaneltix Pharma, Inc.",2,0,2
"Vascudyne, Inc.",2,0,2
"Vega Therapeutics, Inc",2,1,2
VenoStent,2,0,2
Venova Medical,2,0,2
Venus Concept,2,0,2
VeonGen Therapeutics GmbH,2,0,2
Vericel Corporation,2,2,2
Victoria Collotta,2,0,2
Viewray Inc.,2,0,2
Virogin Biotech Ltd.,2,0,2
Vironexis Biotherapeutics Inc.,2,0,2
Virtual Incision Corporation,2,0,2
"Visioneering Technologies, Inc",2,0,2
VISUfarma SpA,2,0,2
Vitaccess Ltd,2,0,2
VitaKey Inc.,2,0,2
Vittoria Biotherapeutics,2,0,2
"Vivace Therapeutics, Inc",2,1,2
Vivalink,2,0,2
Vivasure Medical Limited,2,0,2
VividWhite Pty Ltd,2,0,2
Vivifi Medical,2,0,2
VIVUS LLC,2,1,2
VLP Therapeutics,2,0,2
"Volastra Therapeutics, Inc.",2,0,2
Voll Medical Technologies Ltd.,2,0,2
Volumina Medical S.A.,2,0,2
Voyager Therapeutics,2,0,2
vTv Therapeutics,2,1,2
Waldemar Link GmbH & Co. KG,2,0,2
WELT corp,2,0,2
"Whitehawk Therapeutics, Inc.",2,0,2
"Wigen Biomedicine Technology (Shanghai) Co., Ltd.",2,0,2
Windward Bio,2,0,2
Wuxi Hisky Medical Technology Co Ltd,2,0,2
"Xadcera Biopharmaceutical (Suzhou) Co., Ltd.",2,0,2
"Xantho Biotechnology Co., LTD",2,0,2
"xDot Medical, Inc",2,0,2
Xenothera SAS,2,0,2
Xim Limited,2,0,2
"Xizang Haisco Pharmaceutical Co., Ltd",2,0,2
"XyloCor Therapeutics, Inc.",2,0,2
Yaqrit Ltd,2,0,2
"YolTech Therapeutics Co., Ltd",2,0,2
Z-Systems,2,0,2
"Zenflow, Inc.",2,0,2
Zenith Epigenetics,2,0,2
"Zentiva, k.s.",2,1,2
Zhejiang ACEA Pharmaceutical Co. Ltd.,2,0,2
"Zhejiang Hanmai Pharmaceutical Technology Co., Ltd.",2,1,2
Zhejiang Hisun Pharmaceutical Co. Ltd.,2,0,2
"Zhejiang Zylox Medical Device Co., Ltd.",2,0,2
"Zhuhai Huahaikang Pharmaceutical Technology Co., Ltd.",2,0,2
ZSky Biotech Inc,2,0,2
Zura Bio Inc,2,0,2
BioXcel Therapeutics Inc,1,5,15
Clinique Ovo,1,0,10
"Shanghai Haiyan Pharmaceutical Technology Co., Ltd.",1,3,10
SIGA Technologies,1,2,9
Accexible,1,0,8
Glycyx Therapeutics,1,0,8
"Arcutis Biotherapeutics, Inc.",1,3,7
IBSA Institut Biochimique SA,1,4,7
Immedica Pharma AB,1,4,7
USMARI Research & Innovation Centre,1,0,7
Achieve Life Sciences,1,5,6
"Aldeyra Therapeutics, Inc.",1,4,6
"CytoDyn, Inc.",1,3,6
Dragonboat Biopharmaceutical Company Limited,1,0,6
Entia Ltd,1,0,6
"Epizyme, Inc.",1,1,6
Innodem Neurosciences,1,0,6
ITB-Med LLC,1,0,6
"KalVista Pharmaceuticals, Ltd.",1,3,6
"Kowa Research Institute, Inc.",1,3,6
"Lumosa Therapeutics Co., Ltd.",1,1,6
"Shanxi Kangbao Biological Product Co., Ltd.",1,0,6
Biointelligent Technology Systems SL,1,0,5
CAGE Bio Inc.,1,0,5
Dragonfly Therapeutics,1,0,5
"Evommune, Inc.",1,0,5
Fulcrum Therapeutics,1,1,5
Green Cross Wellbeing,1,1,5
Harbour BioMed (Guangzhou) Co. Ltd.,1,3,5
Heilongjiang Feihe Dairy Co. Ltd.,1,0,5
Hifas da Terra S.L.,1,0,5
Immutep S.A.S.,1,2,5
"Kashiv BioSciences, LLC",1,0,5
Latigo Biotherapeutics,1,0,5
Mineralys Therapeutics Inc.,1,2,5
Neurent Medical,1,0,5
Pharmasoft,1,1,5
PhytoHealth Corporation,1,1,5
Prelude Therapeutics Incorporated,1,0,5
"Aclaris Therapeutics, Inc.",1,0,4
"Adhera Health, Inc.",1,0,4
Alzheon Inc.,1,2,4
Apnimed,1,3,4
"Applied Therapeutics, Inc.",1,4,4
Bionos Biotech S.L.,1,0,4
BioStem Technologies,1,0,4
Bohus Biotech AB,1,0,4
Cali Pharmaceuticals LLC,1,3,4
Cardiol Therapeutics Inc.,1,2,4
Carrick Therapeutics Limited,1,0,4
Emalex Biosciences Inc.,1,2,4
Erbe Elektromedizin GmbH,1,0,4
FemPulse Corporation,1,0,4
Geistlich Pharma AG,1,0,4
Gyroscope Therapeutics Limited,1,0,4
Haag-Streit AG,1,0,4
Helsinn Healthcare SA,1,2,4
"Hoya Surgical Optics, Inc.",1,0,4
Inovio Pharmaceuticals,1,0,4
Integrative Research Laboratories AB,1,0,4
KDH Research & Communication,1,0,4
Laborie Medical Technologies Inc.,1,0,4
Lakefront Biotherapeutics NV,1,1,4
Lyvgen Biopharma Holdings Limited,1,0,4
"Mondelēz International, Inc.",1,0,4
Nordic Biotic Sp. z o.o.,1,0,4
"Outcome Referrals, Inc.",1,0,4
"Outlook Therapeutics, Inc.",1,4,4
Pi-cardia,1,0,4
"Pliant Therapeutics, Inc.",1,0,4
"Raydiant Oximetry, Inc.",1,0,4
SafeHeal Inc,1,0,4
Shaklee Corporation,1,0,4
SIFI SpA,1,0,4
Sinomed Neurovita Technology Inc.,1,0,4
"Skingenix, Inc.",1,0,4
"Spectrum Pharmaceuticals, Inc",1,1,4
Spruce Biosciences,1,1,4
"Tonghua Dongbao Pharmaceutical Co.,Ltd",1,2,4
Vaxart,1,0,4
Xemed LLC,1,0,4
"Abcuro, Inc.",1,2,3
"Advantage Silver Dental Arrest, LLC",1,0,3
Amryt Pharma,1,1,3
Amway (China) R&D Center,1,0,3
Apyx Medical,1,0,3
Arbutus Biopharma Corporation,1,0,3
Arthrosi Therapeutics,1,2,3
Artiria Medical,1,0,3
"Ascletis Pharmaceuticals Co., Ltd.",1,2,3
Barinthus Biotherapeutics,1,0,3
Beckley Psytech Limited,1,0,3
"Beijing Minhai Biotechnology Co., Ltd",1,3,3
Biofrontera Inc.,1,2,3
Biovico Sp. z o.o.,1,0,3
"Bolt Biotherapeutics, Inc.",1,0,3
Cellcolabs Clinical SPV Limited,1,1,3
"Cocrystal Pharma, Inc.",1,0,3
Colospan Ltd.,1,0,3
Connect Biopharm LLC,1,0,3
Cook Biotech Incorporated,1,0,3
CyanVac LLC,1,0,3
Dr. Md. Alimur Reza,1,0,3
Dr. Schär AG / SPA,1,0,3
"Element Science, Inc.",1,0,3
Elevar Therapeutics,1,0,3
"Elios Vision, Inc.",1,0,3
Enterome,1,0,3
Enyo Pharma,1,0,3
"Evidence-Based Practice Institute, Seattle, WA",1,0,3
ExoRNA Bioscience,1,0,3
FEMPHARMA Kft.,1,0,3
Fertypharm,1,0,3
GenieBiome Limited,1,0,3
"Hanlim Pharm. Co., Ltd.",1,1,3
Hoskinson Health and Wellness Clinic,1,0,3
Hvivo,1,0,3
Icare Finland Oy,1,0,3
"Idience Co., Ltd.",1,0,3
"IlluminOss Medical, Inc.",1,0,3
Incannex Healthcare Ltd,1,1,3
Inimmune Corporation,1,0,3
Integro Theranostics,1,0,3
"Kowa Company, Ltd.",1,2,3
Lesaffre International,1,0,3
Levita Magnetics,1,0,3
Lexicon Pharmaceuticals,1,1,3
"LumiThera, Inc.",1,0,3
"MedRhythms, Inc.",1,0,3
Mezzion Pharma Co. Ltd,1,3,3
"Nature's Sunshine Products, Inc.",1,0,3
"Neurolutions, Inc.",1,0,3
Neurovalens Ltd.,1,0,3
"Ningbo Newbay Technology Development Co., Ltd",1,1,3
NMD Pharma A/S,1,0,3
NVT GmbH,1,0,3
"Olipop, PBC",1,0,3
"Perfect Lens, LLC",1,0,3
PharmAbcine,1,0,3
"PharmaNest, Inc",1,0,3
"Primo Biotechnology Co., Ltd",1,1,3
"Qlaris Bio, Inc.",1,1,3
Rapid Medical,1,0,3
Retension Pharmaceuticals. Inc.,1,0,3
Rob Surgical Systems S.L.,1,0,3
Santhera Pharmaceuticals,1,0,3
Sedana Medical,1,3,3
Serum Life Science Europe GmbH,1,1,3
Shanghai Life Science & Technology,1,0,3
"Shanghai SIMR Biotechnology Co., Ltd.",1,0,3
"Sichuan Purity Pharmaceutical Technology Co., Ltd.",1,0,3
"SillaJen, Inc.",1,1,3
Siloam Vision,1,0,3
"SkinJect, Inc.",1,0,3
SOTIO Biotech AG,1,0,3
SPH-BIOCAD (HK) Limited,1,2,3
Suzhou Ribo Life Science Co. Ltd.,1,0,3
SymBio Pharmaceuticals,1,1,3
"SynerGene Therapeutics, Inc.",1,0,3
TaiMed Biologics Inc.,1,1,3
TCM Biotech International Corp.,1,1,3
Tetra Discovery Partners,1,3,3
TherOx,1,0,3
"TriSalus Life Sciences, Inc.",1,0,3
"Tvardi Therapeutics, Incorporated",1,0,3
usMIMA S.L.,1,0,3
VarmX B.V.,1,1,3
"Vedanta Biosciences, Inc.",1,1,3
Waymark,1,0,3
"Werewolf Therapeutics, Inc.",1,0,3
Wockhardt,1,1,3
X4 Pharmaceuticals,1,2,3
Xintian Pharmaceutical,1,0,3
Y-mAbs Therapeutics,1,0,3
YSLab,1,0,3
"Zogenix, Inc.",1,2,3
Zomagen Biosciences Ltd.,1,0,3
3D Medicines,1,0,2
"3D Medicines (Beijing) Co., Ltd.",1,0,2
4TEEN4 Pharmaceuticals GmbH,1,0,2
Abcentra,1,0,2
Accent Therapeutics,1,0,2
"Acera Surgical, Inc.",1,0,2
Acesion Pharma,1,0,2
Acta Pharmaceuticals,1,0,2
Activ'inside,1,0,2
Advanced Bionics,1,0,2
AiCuris Anti-infective Cures AG,1,1,2
AION Biosystems,1,0,2
Akamis Bio,1,0,2
"Akyso Therapeutics, LLC",1,0,2
AlaMab Therapeutics (Shanghai) Inc.,1,0,2
Albos d.o.o. Beograd,1,0,2
Allegro NV/SA,1,0,2
Allyx Therapeutics,1,0,2
Alpha-9 Oncology USA Inc.,1,0,2
AlphaMol Science Ltd. (Shanghai),1,0,2
"Alpine Immune Sciences Inc, A Subsidiary of Vertex",1,1,2
AmacaThera Inc.,1,0,2
"Amplifi Vascular, Inc.",1,0,2
AnaCardio AB,1,0,2
"Anagram Therapeutics, Inc.",1,0,2
Anebulo Pharmaceuticals,1,0,2
Angitia Biopharmaceuticals,1,1,2
Angitia Incorporated Limited,1,0,2
AnHorn Medicines Co. Ltd.,1,0,2
"AnnJi Pharmaceutical Co., Ltd.",1,0,2
AOTI Ltd.,1,0,2
Aprea Therapeutics,1,0,2
Aptissen SA,1,0,2
"Aquea Health, Inc.",1,0,2
Argon Medical Devices,1,0,2
Artah Nutrition Limited,1,0,2
AryoGen Pharmed Co.,1,0,2
Ascendis Pharma Bone Diseases A/S,1,2,2
Ascendis Pharma Oncology Division A/S,1,0,2
Aspa Therapeutics,1,0,2
"atai Therapeutics, Inc.",1,0,2
"aTyr Pharma, Inc.",1,1,2
AvenCell Europe GmbH,1,0,2
"Averitas Pharma, Inc.",1,1,2
Avvio Medical,1,0,2
Axolotl Biologix,1,0,2
Axon srl,1,0,2
"Ayu, Inc.",1,0,2
Azalea Vision,1,0,2
Azitra Inc.,1,0,2
Balt USA,1,0,2
"Basking Biosciences, Inc.",1,0,2
Baylx Inc.,1,0,2
Beacon Biosignals,1,0,2
"Beijing Keymed Biosciences Co., Ltd.",1,1,2
Beijing StarMab Biomed Technology Ltd,1,0,2
BELL Therapeutics Inc.,1,0,2
BeyondSpring Pharmaceuticals Inc.,1,2,2
BioAegis Therapeutics Inc.,1,0,2
Biobeat Technologies Ltd.,1,0,2
Biokosmes Srl,1,0,2
Biophytis,1,1,2
Bioventus LLC,1,0,2
Blue Blood Biotech Corp.,1,0,2
BMI Korea,1,1,2
Bragg Live Food Products,1,0,2
Brainlab AG,1,0,2
Brainsway,1,0,2
BriaCell Therapeutics Corporation,1,1,2
Bridge to Life Ltd.,1,0,2
Britannia Pharmaceuticals Ltd.,1,0,2
Bühlmann Laboratories AG,1,0,2
Calliditas Therapeutics AB,1,0,2
Cambium Bio Limited,1,1,2
Cantex Pharmaceuticals,1,0,2
CardiacSense Ltd.,1,0,2
Cardiatis,1,0,2
Cardiawave SA,1,0,2
Cardiff Oncology,1,0,2
CellProthera,1,0,2
CellSeed Inc.,1,2,2
Certmedica International GmbH,1,0,2
Chemo Research,1,2,2
"Chia Tai Tianqing Pharmaceutical (Guangzhou) Co., Ltd.",1,0,2
Chimeric Therapeutics,1,0,2
Ciliatech,1,0,2
Clean Nutraceuticals,1,0,2
ClearNote Health,1,0,2
Clene Nanomedicine,1,0,2
Codex Labs Corporation,1,0,2
"Cofactor Genomics, Inc.",1,0,2
Cognition Therapeutics,1,0,2
Cognitive FX,1,0,2
"Contego Medical, Inc.",1,0,2
Contineum Therapeutics,1,0,2
Contura,1,0,2
"Corestemchemon, Inc.",1,1,2
"CSA Medical, Inc.",1,0,2
Cultech Ltd,1,0,2
"Curacle Co., Ltd.",1,0,2
"Cutia Therapeutics（Wuxi）Co.,Ltd",1,1,2
Cytopeutics Sdn. Bhd.,1,1,2
"DALIM TISSEN Co., Ltd.",1,0,2
Datum Dental LTD,1,0,2
DEBx Medical B.V.,1,0,2
Deepsonbio,1,0,2
Deka Research and Development,1,0,2
Delfi Diagnostics Inc.,1,0,2
"Delta-Fly Pharma, Inc.",1,1,2
DePuy International,1,0,2
Designs for Health,1,0,2
Diamyd Medical AB,1,1,2
DigitalRehab,1,0,2
Dimagi Inc.,1,0,2
"DiscGenics, Inc.",1,1,2
Dong Wha Pharmaceutical Co. Ltd.,1,0,2
Egymedicalpedia,1,0,2
Eirion Therapeutics Inc.,1,0,2
"Eloxx Pharmaceuticals, Inc.",1,0,2
Enalare Therapeutics Inc.,1,0,2
Enzychem Lifesciences Corporation,1,0,2
Enzymedica,1,0,2
"Esperion Therapeutics, Inc.",1,0,2
"ETS Wound Care, LLC",1,0,2
Eveliqure Biotechnologies GmbH,1,0,2
Evidation Health,1,0,2
Exegenesis Bio,1,0,2
Exero Medical Ltd.,1,0,2
Eyesight Electronics,1,0,2
Eyevensys,1,0,2
F2G Ltd,1,1,2
Fairtility,1,0,2
First Ascent Biomedical Inc.,1,0,2
Fitbit LLC,1,0,2
"Fitoplancton Marino, S.L.",1,0,2
"Flint Rehabilitation Devices, LLC",1,0,2
"Flourish Science, Inc.",1,0,2
Fore Biotherapeutics,1,0,2
"ForQaly Medical (Shanghai) Co., Ltd",1,0,2
Fractyl Health Inc.,1,0,2
Freenome Holdings Inc.,1,0,2
"G2e Co., Ltd",1,0,2
Galecto Biotech AB,1,0,2
Galmed Pharmaceuticals Ltd,1,0,2
Gedea Biotech AB,1,0,2
Gemini Eye Clinic,1,0,2
GEN İlaç ve Sağlık Ürünleri A.Ş.,1,0,2
GEn1E Lifesciences,1,0,2
GenMont Biotech Incorporation,1,0,2
"GeoVax, Inc.",1,0,2
Glaceum,1,0,2
Global Kinetics Corporation,1,0,2
Glyconics Ltd,1,0,2
"Gossamer Bio USA, Inc.",1,1,2
"Gravity Medical Technology, INC",1,0,2
"Grifols Biologicals, LLC",1,1,2
"HanAll BioPharma Co., Ltd.",1,0,2
Harbinger Health,1,0,2
"HB BioTech, LLC",1,0,2
Heron Neutron Medical Corp.,1,0,2
HiDO Technologies,1,0,2
Highlight Therapeutics,1,0,2
"Hillhurst Biopharmaceuticals, Inc.",1,0,2
"Hope Medicine (Nanjing) Co., Ltd",1,1,2
Hua Medicine Limited,1,0,2
IAS Skin Care,1,0,2
ICM Co. Ltd.,1,0,2
Ideal Medical Technologies,1,0,2
"Imbria Pharmaceuticals, Inc.",1,0,2
"Immunis, Inc.",1,0,2
Immuno Cure Holding (HK) Limited,1,0,2
"Immunwork, Inc.",1,0,2
Incepta Pharmaceuticals Ltd,1,2,2
Induce Biologics USA Inc.,1,0,2
Inflammasome Therapeutics,1,0,2
"Innatus Therapeutics (Shanghai) Co., Ltd.",1,0,2
"Instylla, Inc.",1,0,2
Inventiva Pharma,1,1,2
"iRenix Medical, Inc.",1,1,2
IRulya Therapeutics Inc.,1,0,2
ISISPHARMA,1,0,2
"ivWatch, LLC",1,0,2
"Jeil Pharmaceutical Co., Ltd.",1,0,2
Jonathan Vaisberg,1,0,2
Kadence Bio,1,0,2
Kahr Medical,1,0,2
Kaken Pharmaceutical,1,1,2
Karo Pharma AB,1,0,2
Kernel,1,0,2
"Keros Therapeutics, Inc.",1,0,2
Koelis,1,0,2
"Korro Bio, Inc.",1,0,2
Laminate Medical Technologies,1,0,2
"Leuko Labs, Inc.",1,0,2
Liberate Medical,1,0,2
Limbic Limited,1,0,2
"Linshom Medical, Inc.",1,0,2
Lipo-Sphere,1,0,2
Lipocine Inc.,1,2,2
"Livotion, LLC",1,0,2
LLC UkrMedGroup,1,0,2
Löwenstein Medical Technology GmbH & Co. KG,1,0,2
LuciLab,1,1,2
"Lumos Labs, Inc.",1,0,2
machineMD AG,1,0,2
MagIA Diagnostics,1,0,2
Materna Medical,1,0,2
Mathys Ltd Bettlach,1,0,2
MED-LIFE DISCOVERIES LP,1,0,2
Medigen Vaccine Biologics Corp.,1,1,2
"Medipost, Inc.",1,1,2
MedMira Laboratories Inc.,1,0,2
Medos International SARL,1,0,2
"Merry Life Biomedical Co., Ltd.",1,0,2
"Meryx, Inc.",1,0,2
Merz Pharmaceuticals GmbH,1,1,2
Microbiotica Ltd,1,0,2
"MindImmune Therapeutics, Inc.",1,0,2
Minicircle,1,0,2
MiNK Therapeutics,1,0,2
Minnesota HealthSolutions,1,0,2
Molecular Partners AG,1,0,2
"Morinaga Milk Industry Co., LTD",1,0,2
MycoMedica Life Sciences PBC,1,0,2
"Nanjing King-Friend Biochemical Pharmaceutical Co., Ltd.",1,0,2
Nanogen Pharmaceutical Biotechnology Joint Stock Company,1,1,2
"Navigator Medicines, Inc.",1,0,2
nCap Medical,1,0,2
"NeoTract, Inc.",1,0,2
NervGen Pharma,1,1,2
"Neuracle Medical Technology(Shanghai) Co.,Ltd.",1,0,2
NeuraLight,1,0,2
neurescue,1,0,2
Neuron23 Inc.,1,0,2
"NeuroTrauma Sciences, LLC",1,0,2
"Neuvosyn Laboratories, LLC",1,1,2
"New World Medical, Inc.",1,0,2
"Newish Technology (Beijing) Co., Ltd.",1,0,2
"NexThera Co., Ltd.",1,0,2
"NIBEC Co., Ltd.",1,0,2
noiVita Srls,1,0,2
Novaliq GmbH,1,0,2
Novelrad Ltd.,1,0,2
"Novita Pharmaceuticals, Inc.",1,1,2
NTC srl,1,2,2
NucMito Pharmaceuticals Co. Ltd.,1,0,2
"Nuravax, Inc.",1,0,2
Nutra Harmony LLC,1,0,2
"Nuvig Therapeutics, Inc.",1,0,2
NX Development Corp,1,2,2
"Olix Pharmaceuticals, Inc.",1,0,2
Olympus Europe SE & Co. KG,1,0,2
OM Pharma SA,1,0,2
Oncoinvent Solutions AS,1,0,2
Optinose US Inc.,1,2,2
Orionis Biosciences Inc,1,0,2
Oryzon Genomics S.A.,1,0,2
Osivax,1,0,2
Ouraring Inc.,1,0,2
Pacla Medical Limited,1,0,2
"Partner Therapeutics, Inc.",1,0,2
"Parvus Therapeutics, Inc.",1,0,2
"Pelage Pharmaceuticals, Inc.",1,1,2
Pentixapharm AG,1,1,2
PeptiDream Inc.,1,0,2
Perin Health Devices,1,0,2
pH-D Feminine Health LLC,1,1,2
Phagenesis Ltd.,1,0,2
Phantom Neuro Inc.,1,0,2
Pharmanex,1,0,2
Pharmavite LLC,1,0,2
Pheon Therapeutics,1,0,2
Physio-Assist,1,0,2
"Polaryx Therapeutics, Inc.",1,1,2
Polyganics BV,1,0,2
POROUS GmbH,1,0,2
PranaQ Pte. Ltd.,1,0,2
Precision Biotech Taiwan Corp.,1,0,2
Pregistry,1,0,2
Pregnolia AG,1,0,2
Presage Biosciences,1,0,2
"Prevention Strategies, LLC",1,0,2
Psoriasis Research Institute of Guangzhou,1,1,2
Pulmongene Ltd.,1,0,2
"Pulvinar Neuro, LLC",1,0,2
"Qingdao WanMing BioCell Pharmaceutics Co.,Ltd.",1,0,2
QurAlis Corporation,1,0,2
QVITI S.A.,1,0,2
Rare Thyroid Therapeutics International AB,1,1,2
Rayner Intraocular Lenses Limited,1,0,2
"ReGelTec, Inc.",1,0,2
"ReGenTree, LLC",1,2,2
"Rempex (a wholly owned subsidiary of Melinta Therapeutics, LLC)",1,0,2
Research Insight LLC,1,0,2
"Respicardia, Inc.",1,0,2
Respiree Pte Ltd,1,0,2
"Retropsoas Technologies, LLC",1,0,2
Rion Inc.,1,0,2
River 2 Renal Corp.,1,0,2
Rokote Laboratories Finland Oy,1,0,2
Rudacure,1,0,2
Sam Chun Dang Pharm. Co. Ltd.,1,0,2
"SDK Therapeutics, Inc.",1,1,2
Sebastian Griepentrog,1,0,2
SecondWave Systems Inc.,1,0,2
Seeding Inc,1,0,2
"Senhwa Biosciences, Inc.",1,0,2
Seppic,1,0,2
"Septerna, Inc.",1,0,2
"Seqker Biosciences, Inc.",1,0,2
Seraxis,1,0,2
"Shanghai Weihe Medical Laboratory Co., Ltd.",1,0,2
"Shenzhen Sciencare Medical Industries Co., Ltd.",1,1,2
Silony Medical GmbH,1,0,2
SinoMab BioScience Ltd,1,0,2
"Sironax USA, Inc.",1,0,2
SKEZI,1,0,2
"Skye Bioscience, Inc.",1,0,2
Smilebiotek Zhuhai Limited,1,1,2
Smith & Nephew Orthopaedics AG,1,0,2
SN BioScience,1,0,2
SoLa Pelvic Therapy,1,0,2
Sona Nanotech Inc,1,0,2
"Sonavex, Inc.",1,0,2
"Sonex Health, Inc.",1,0,2
Sonnet BioTherapeutics,1,0,2
SonoMotion,1,0,2
"Sparian Biosciences, Inc",1,0,2
SpotitEarly,1,0,2
"SPR Therapeutics, Inc.",1,0,2
Stalicla SA,1,0,2
Surf Therapeutics,1,0,2
Synbio Tech Inc.,1,0,2
Synendos Therapeutics AG,1,0,2
Syntara,1,0,2
Tactile Medical,1,0,2
Tasso Inc.,1,0,2
TCR2 Therapeutics,1,0,2
"Technophage, SA",1,0,2
Telix Pharmaceuticals (Innovations) Pty Ltd,1,1,2
Tensive SRL,1,0,2
Terremoto Biosciences Inc.,1,0,2
Therakos LLC,1,0,2
Theratechnologies,1,0,2
Theravia,1,0,2
Theriva Biologics SL,1,0,2
Thymia Limited,1,0,2
Tides Medical,1,0,2
Timser SAPI de CV,1,0,2
Tisento Therapeutics,1,0,2
Toku Eyes Ltd,1,0,2
"TrueBinding, Inc.",1,0,2
Turtle Shell Technologies Pvt. Ltd.,1,0,2
"TWi Biotechnology, Inc.",1,1,2
UltraSight,1,0,2
UNEEG Medical A/S,1,0,2
USGI Medical,1,0,2
"VahatiCor, Inc.",1,0,2
Valencia Technologies Corporation,1,0,2
"Ventus Therapeutics U.S., Inc.",1,0,2
"Vergent Bioscience, Inc.",1,1,2
Versono Medical Ltd,1,0,2
Veru Inc.,1,1,2
Virogen Biotechnology Inc.,1,0,2
"Viz.ai, Inc.",1,0,2
"Vogenx, Inc.",1,0,2
VUNO Inc.,1,0,2
Wave Neuroscience,1,0,2
WSAUD A/S,1,0,2
"Wuhan Optics Valley Vcanbiopharma Co., Ltd.",1,0,2
"X9, Inc.",1,0,2
XEOS Medical,1,0,2
Zentrela Inc.,1,0,2
"Zetagen Therapeutics, Inc",1,0,2
1Globe Health Institute,1,0,1
1st SurgiConcept,1,0,1
"21 Century Medical Co., Ltd.",1,0,1
"23andMe, Inc.",1,0,1
303 Pharma s.r.l.,1,0,1
"34 Lives, PBC",1,0,1
3D-Aligners,1,0,1
"3H Pharmaceuticals Co., Ltd.",1,0,1
3ive Labs,1,0,1
3Shape A/S,1,0,1
41medical AG,1,0,1
4B Technologies Limited,1,0,1
"4C Medical Technologies, Inc.",1,0,1
4Moving Biotech,1,0,1
4Tissue,1,0,1
"5 Point App, Inc.",1,0,1
7 Generation Games,1,0,1
"7 Hills Pharma, LLC",1,0,1
"858 Therapeutics, Inc.",1,0,1
"A Thousand Colibris, S.L",1,0,1
A&G Pharmaceutical Inc.,1,0,1
a2 Milk Company Ltd.,1,0,1
A2A Pharmaceuticals Inc.,1,0,1
Abalos Therapeutics GmbH,1,0,1
Abata Therapeutics,1,0,1
AbClon,1,0,1
Abdera Therapeutics Inc.,1,0,1
ABIGO Medical AB,1,0,1
Abilion Medical Systems AB,1,0,1
Abion Inc,1,0,1
ABK Biomedical,1,0,1
ABResearch S.r.l.,1,0,1
"Abrexa Pharmaceuticals, Inc.",1,0,1
Absci Pty Ltd.,1,0,1
Abscint NV/SA,1,0,1
AbSolutions Med Inc.,1,0,1
ABX advanced biochemical compounds GmbH,1,1,1
AC.TA. S.r.l.,1,0,1
Acacia Clinics,1,0,1
Acacia Pharma Ltd,1,1,1
AcadeMab Biomedical Inc.,1,0,1
Accendatech USA Inc.,1,0,1
Access Business Group,1,0,1
Accession Therapeutics Limited,1,0,1
"AccSalus Biosciences, Inc.",1,0,1
Acer Therapeutics Inc.,1,1,1
Acerand Therapeutics (Hong Kong) Limited,1,0,1
Acerand Therapeutics (Shanghai) Limited,1,0,1
Aclarion,1,0,1
"Aconcagua Bio, Inc. a wholly owned subsidiary of Structure Therapeutics",1,0,1
"Acoustic Wave Cell Therapy, Inc.",1,0,1
Actimed Therapeutics Ltd,1,0,1
Actinogen Medical,1,1,1
Activ Surgical,1,0,1
"Active Genomes Expressed Diagnostics, Corp",1,0,1
"Actuated Medical, Inc.",1,0,1
"Acuity Polymers, Inc.",1,0,1
Acumen Pharmaceuticals,1,0,1
Acurx Pharmaceuticals Inc.,1,0,1
Acusurgical,1,0,1
Adacyte Therapeutics SL,1,0,1
Adamas Biotech S.r.l.,1,0,1
"Adaptilens, Inc.",1,0,1
Adaptive Biotechnologies,1,0,1
Adcytherix SAS,1,0,1
"Addinex Technologies, Inc.",1,0,1
"Adela, Inc",1,0,1
Adelphi Real World,1,0,1
"Adera Labs, LLC",1,0,1
Adient Medical,1,0,1
AdipoPharma LLC,1,0,1
"Adjuvia Therapeutics, Inc.",1,0,1
Admetsys Corporation,1,0,1
"Adneuris Therapeutics, Inc.",1,1,1
Adovate,1,0,1
Adrenas Therapeutics Inc,1,0,1
Adva-Tec,1,0,1
Advagene Biopharma Co. Ltd.,1,0,1
Advanced Bariatric Technology,1,0,1
Advanced Bifurcation Systems Inc.,1,0,1
Advanced BioDesign,1,0,1
"Advanced Imaging Projects, LLC",1,0,1
Advanced Scanners Inc.,1,0,1
Advanced Technology & Communications,1,0,1
AdvanCell Pty Limited,1,0,1
Advesya SAS,1,0,1
Adze Biotechnology Australia Pty Ltd,1,0,1
Aegle Therapeutics,1,0,1
"Aeovian Pharmaceuticals, Inc.",1,0,1
Aer Therapeutics,1,0,1
Aerogen Pharma Limited,1,1,1
AeroRx Therapeutics Inc.,1,0,1
Aether Tech S.L.,1,0,1
Affibody,1,0,1
"Affini-T Therapeutics, Inc.",1,0,1
Affinia Therapeutics,1,0,1
"AffyImmune Therapeutics, Inc.",1,0,1
"Ageless Biotech, Inc.",1,0,1
Agendia,1,0,1
Agiana Pharmaceuticals,1,0,1
"AgileMD, Inc.",1,0,1
"Agitated Solutions, Inc.",1,1,1
"AgonOx, Inc.",1,0,1
"AI Agent Vault, Inc. d/b/a Precision Mito",1,0,1
AI-Spectral,1,0,1
Aiatella Oy,1,0,1
"Aimmune Nestlé Health Science US R&D, LLC",1,0,1
"Aimmune Therapeutics, Inc.",1,0,1
"AION Healthspan, Inc.",1,0,1
AIQ Solutions,1,0,1
AIRNA Corporation,1,0,1
"Airway Therapeutics, Inc.",1,1,1
"Aivita Biomedical, Inc.",1,1,1
"Akan Biosciences, LLC",1,0,1
Aker BioMarine Human Ingredients AS,1,0,1
"Akili Interactive Labs, Inc.",1,0,1
Akrivia Health,1,0,1
Al Adan Hospital Kuwait,1,0,1
Alasht Pharmed,1,0,1
Alcamena Stem Cell Therapeutics,1,0,1
Alcediag,1,0,1
"Alcyone Therapeutics, Inc",1,0,1
Aldena Therapeutics,1,0,1
Alesta Therapeutics,1,0,1
Alethia Biotherapeutics,1,0,1
Algernon Pharmaceuticals,1,0,1
AlgoTherapeutix,1,0,1
AliveCor,1,0,1
Alixer Nexgen Therapeutics Limited,1,0,1
Allergopharma GmbH & Co. KG,1,0,1
Allievex Corporation,1,0,1
Alligator Bioscience AB,1,0,1
"AllRock Bio, Inc.",1,0,1
"Allterum Therapeutics, Inc",1,0,1
Allyane,1,0,1
Almac Diagnostic Services LLC,1,0,1
"Alpha Cognition, Inc",1,0,1
Alpha Fusion Inc.,1,0,1
Alphyn Biologics,1,0,1
"Alpine Immune Sciences, Inc.",1,0,1
ALPS Biotech CO. LTD,1,0,1
"ALTality, Inc.",1,0,1
Altec Inc.,1,0,1
Alterity Therapeutics,1,0,1
"Altesa Biosciences, Inc.",1,0,1
Althaia S.A Industria Farmaceutica,1,0,1
Altheia Science,1,0,1
"Altis Medicines, Inc",1,0,1
Altoida,1,0,1
Alviv Ltd.,1,0,1
Alvogen Korea,1,1,1
Alyssum Therapeutics,1,0,1
Amal Therapeutics,1,0,1
"Ambrx, Inc.",1,0,1
Ambulanzpartner Soziotechnologie APST GmbH,1,0,1
American Gene Technologies International Inc.,1,0,1
American Research Labs,1,0,1
"Aminex Therapeutics, Inc.",1,0,1
AMO Pharma Limited,1,1,1
Amorphical Ltd.,1,0,1
Amphista Therapeutics Ltd,1,0,1
"Amplexd Therapeutics, Inc.",1,0,1
Amplified Sciences Inc,1,0,1
Amplifye,1,0,1
Amplo Biotechnology,1,0,1
AMT Medical BV,1,0,1
"AmtixBio Co., Ltd.",1,0,1
Amyloid Solution Inc,1,0,1
Anasonic,1,0,1
Anavex Life Sciences Corp.,1,0,1
Ancilia Biosciences,1,0,1
Anderson Advanced Ingredients,1,0,1
AndHealth,1,0,1
"Andon Health Co., Ltd",1,0,1
Andover Research Eye Institute,1,0,1
"Andros Pharmaceuticals Co., Ltd.",1,1,1
Angel Argiles,1,0,1
Angel Medical Systems,1,0,1
"Angiex, Inc.",1,0,1
Angiocrine Bioscience,1,0,1
AngioInsight,1,0,1
Angiolutions GmbH,1,0,1
Angiowave Imaging,1,0,1
Angitia Biopharmaceuticals Guangzhou Limited,1,0,1
"Animated Dynamics, Inc.",1,0,1
Animuscure Inc.,1,0,1
Annexin Pharmaceuticals AB,1,0,1
AnnieGuard Corp.,1,0,1
Anova Innovation Limited,1,0,1
"Ansun Biopharma, Inc.",1,1,1
Antag Therapeutics,1,0,1
"Antares Therapeutics, Inc",1,0,1
"Antelope Surgical Solutions, Inc",1,0,1
Antengene Therapeutics Limited,1,0,1
"Antidote Therapeutics, Inc",1,0,1
"Anxo Pharmaceutical Co., Ltd.",1,0,1
AOBiome LLC,1,0,1
"Aperta Biosciences, LLC",1,0,1
Apifix,1,0,1
Aplagon Oy,1,0,1
Apmonia Therapeutics,1,0,1
Apollomics Inc.,1,0,1
Apothekary,1,0,1
Appa Health,1,0,1
"Appello Pharmaceuticals, Inc.",1,0,1
"Applied Pharmaceutical Science, Inc.",1,0,1
AppliedVR Inc.,1,0,1
APrevent Biotech GmbH,1,0,1
"Apriligen, Inc.",1,0,1
"Aptamer Sciences, Inc.",1,0,1
"Aptatek BioSciences, Inc",1,0,1
Aptevo Therapeutics,1,0,1
Aptinyx,1,0,1
Aptis Medical,1,0,1
Aptose Biosciences Inc.,1,0,1
"Aqtual, Inc.",1,0,1
Aqualung Therapeutics Corp.,1,0,1
AquaPass Medical Ltd.,1,0,1
"Aquilo Sports, LLC",1,0,1
"Arafarma Group, S.A.",1,0,1
Aramis Biotechnologies Inc.,1,0,1
Aravax Pty Ltd,1,0,1
Arbor Biotechnologies,1,0,1
ARC Medical Inc.,1,0,1
"Arcato Laboratories, Inc.",1,0,1
"Arcellx, Inc.",1,0,1
Arch Biopartners Inc.,1,0,1
Archean Technologies,1,0,1
"Arctx Medical, Inc.",1,0,1
Ardentis Cliniques Dentaires,1,0,1
Arditus Pte Ltd,1,0,1
Aresus Pharma GmbH,1,1,1
"Aria CV, Inc",1,0,1
Arialys Australia Pty Ltd,1,0,1
"AriBio Co., Ltd.",1,1,1
Arjo AB,1,0,1
Arma Ltd.,1,0,1
Aromics Therapeutics,1,0,1
Arovella Therapeutics Ltd,1,0,1
Arrow Development,1,0,1
ARTBIO Inc.,1,0,1
Artelus AI,1,0,1
Artemis AI Labs,1,0,1
ARTHEx Biotech S.L.,1,0,1
Arthroresearch LLC,1,0,1
Artialis,1,0,1
Artur Salgado SA,1,0,1
"Aruna Bio, Inc.",1,0,1
ASC Therapeutics,1,0,1
"Ascendo Biotechnology Co., Ltd.",1,0,1
Ascilion AB,1,0,1
"Asher Biotherapeutics, Inc.",1,0,1
Ashkan Vaziri,1,0,1
"AskBio France, SAS, a subsidiary of AskBio Inc.",1,0,1
Askel Healthcare Ltd,1,0,1
"Asklepion Pharmaceuticals, LLC",1,1,1
Aspen Neuroscience,1,0,1
"Aspera Biomedicines, Inc.",1,0,1
Aspira Women's Health,1,0,1
ASTEROGENE Biomedical Co. Ltd.,1,0,1
"Ataraxis AI, Inc.",1,0,1
ATF Implants,1,0,1
atHeart Medical,1,0,1
"Atheron Therapeutics, Ltd.",1,0,1
Athos Therapeutics Inc,1,0,1
Atila Biosystems Inc.,1,0,1
Atisama Therapeutics,1,0,1
Atlas Molecular Pharma,1,0,1
"AtlasMedx, Incorporated",1,0,1
Atrium Medical Corporation,1,0,1
Atrium Therapeutics,1,0,1
ATRO Medical B.V.,1,0,1
"Attralus, Inc.",1,0,1
Attune Neurosciences Inc,1,0,1
AudioCure Pharma GmbH,1,0,1
Audioptics Medical Incorporated,1,0,1
Audubon Bioscience,1,0,1
AugMend Health Inc.,1,0,1
"Aulos Bioscience, Inc.",1,0,1
AURA Health Technologies,1,0,1
Auri Nutrition,1,0,1
Auricle Health Inc.,1,0,1
Auricula Biosciences Inc.,1,0,1
AuriGen Medical Ltd,1,0,1
Aurimod GmbH,1,0,1
"Auron Therapeutics, Inc.",1,0,1
Aurora Spine and Pain,1,0,1
Austral Diagnostics,1,0,1
Australis Scientific PTY LTD,1,0,1
"Autonomous Healthcare, Inc.",1,0,1
Auxilium Biotechnologies,1,0,1
"Avation Medical, Inc.",1,0,1
Avecho Biotechnology,1,1,1
"Aveera Medical, Inc.",1,0,1
Avelos Therapeutics Inc.,1,0,1
Aventix Medical Inc.,1,0,1
"Aventusoft, LLC.",1,0,1
"Avenue Therapeutics, Inc.",1,1,1
AviadoBio Ltd,1,0,1
Avidence Therapeutics,1,0,1
Avirmax Biopharma Inc,1,0,1
Avisi Technologies Inc.,1,0,1
"Avistone Pharmaceutical（Ningbo）Co., LTD.",1,0,1
AVVA Pharmaceuticals Ltd.,1,1,1
Axcynsis Therapeutics Pte Ltd,1,0,1
Axial Therapeutic Research,1,0,1
Axoltis Pharma,1,0,1
Axovia Therapeutics,1,0,1
"Axter Therapeutics (Beijing) Co., Ltd",1,0,1
"AyuVis Research, Inc.",1,0,1
Azevan Pharmaceuticals,1,0,1
Azure Biotech Inc.,1,0,1
B. Braun Ltd. Centre of Excellence Infection Control,1,0,1
B. Braun Medical Industries Sdn. Bhd.,1,0,1
B. Braun Medical International Trading Company Ltd.,1,0,1
B.Braun Avitum AG,1,0,1
B.Well Swiss AG,1,0,1
B&B srl,1,0,1
Baby FM Doo,1,0,1
BACKBONE,1,0,1
BAIBYS Fertility,1,0,1
Balmoral Medical company,1,0,1
Balton Sp.zo.o.,1,0,1
Barbara Maglione,1,1,1
Barbara Wolff-Winiski,1,0,1
Bardia Anvar,1,1,1
BariaTek Medical,1,0,1
Batea Oncology,1,0,1
"Baxis Pharmaceuticals, Inc.",1,1,1
Baymatob Operations Pty Ltd,1,0,1
Bazelet Nehushtan LtD.,1,0,1
BCF Life Sciences,1,0,1
"BCIFlex Medical Technology Co., Ltd.",1,0,1
BEAUTECH,1,0,1
Beekeeper's Naturals Inc,1,0,1
Beeline Medicines Corporation,1,0,1
BehaVR LLC,1,0,1
Behnam Khodarahmi,1,0,1
"Beijing Anjianxi Bio-Medical Technology Co., Ltd.",1,0,1
"Beijing Balance Medical Technology Co., Ltd",1,0,1
"Beijing Baylx Biotech Co., Ltd.",1,0,1
"Beijing Daxiang Biotech Co., Ltd",1,0,1
"Beijing Health Guard Biotechnology, Inc",1,1,1
Beijing Immupeutics Medicine Technology Limited,1,0,1
"Beijing Kanghong Biopharmaceutical Co., Ltd.",1,0,1
"Beijing StoneWise Technology Co., Ltd",1,0,1
"Beijing Tuohua Weiye Biotechnology Co., Ltd.",1,0,1
"Beijing Xunsheng Biomedical Research Co., Ltd.",1,0,1
"Beletalent (Zhuhai) Pharmaceutical Co., Ltd",1,1,1
BelkinVision,1,0,1
Bell Cinical Service,1,0,1
BellAge Inc.,1,0,1
BellaSeno GmbH,1,0,1
Beneo-Institute,1,0,1
"Benethera (Shaoxing) Biotechnology Co., Ltd.",1,0,1
"Benfida, a department of Handi-Move",1,0,1
"Benitec Biopharma, Inc.",1,0,1
Benjamin Gesundheit,1,0,1
"Benobio Co., Ltd.",1,0,1
Benuvia Therapeutics Inc.,1,1,1
Berlin Heart GmbH,1,0,1
"Berlin Heart, Inc",1,0,1
Bespoke Clinical Research,1,0,1
"Beta Bionics, Inc.",1,0,1
Beta Emitting Accurate Monitored Systems,1,0,1
BetaGlue Therapeutics SpA,1,0,1
BetterMe Limited,1,0,1
"Bexion Pharmaceuticals, Inc.",1,0,1
"BEYOND GENOMiX SA, AG, Ltd",1,0,1
"Bial R&D Investments, S.A.",1,0,1
Bigespas LTD,1,1,1
"BigHat Biosciences, Inc.",1,0,1
"Bilix Co.,Ltd.",1,0,1
BillionToOne Inc.,1,0,1
Bio Refine Ltd.,1,0,1
"Biocells (Beijing) Biotech Co.,Ltd",1,1,1
BioClin BV,1,0,1
Biocoz Global Pte. Ltd.,1,0,1
"BioCytics, Inc.",1,0,1
BioDelivery Sciences International,1,0,1
"BioDlink Biopharm Co., Ltd.",1,1,1
"Biodynamik, Inc",1,0,1
BioEclipse Therapeutics,1,0,1
"Biofabri, S.L",1,1,1
"BioFire Diagnostics, LLC",1,0,1
BioGate Precision Medicine Corp.,1,0,1
BioGenCell Ltd.,1,0,1
Biohm Technologies,1,0,1
Biokuris s.a.,1,0,1
"BioLineRx, Ltd.",1,1,1
Biolingus,1,0,1
Biologica Inc,1,0,1
Biological Dynamics,1,0,1
Biolojic Design Ltd.,1,0,1
Biolux Technology GmbH,1,0,1
BioMe Inc.,1,0,1
Biomedical Discoveries and Neuroscientific Foundations LLC,1,0,1
BiomeHub Biotechnology Company,1,0,1
Biomendex Oy,1,0,1
"BioMendics, LLC",1,0,1
Biometry Inc,1,0,1
"BioMimetix JV, LLC",1,0,1
BiomX Ltd,1,0,1
BIONCaRT GmbH,1,0,1
BiOneCure Therapeutics Inc.,1,0,1
"Bionic Mobility Solutions, S.L.",1,0,1
Bionyra Pharma,1,0,1
"Biopeutics Co., Ltd",1,1,1
Biopharma Plasma LLC,1,1,1
Biopharmaceutical Research Company,1,0,1
"BioPhoenix Co., Ltd.",1,0,1
BioPoly LLC,1,0,1
BioProtect,1,0,1
"Biora Therapeutics, Inc.",1,0,1
"BioRegen Biomedical (Changzhou) Co., Ltd",1,0,1
BioRestorative Therapies,1,0,1
Biosency,1,0,1
BioSignal Solutions LLC,1,0,1
"Biosolution Co., Ltd.",1,0,1
"BioSpring Medical Co., Ltd",1,0,1
Biossil Inc.,1,0,1
"Biostar Pharma, Inc.",1,0,1
Biostime (Changsha) Nutrition Foods Limited,1,0,1
Biotest,1,1,1
"BioTex, Inc.",1,0,1
"Biotheranostics, Inc.",1,0,1
Biothervax SpA,1,0,1
"Biotheryx, Inc.",1,0,1
Biotronik Australia Pty Ltd.,1,0,1
BioXTek,1,0,1
Birch BioMed Inc,1,1,1
Bisirna Therapeutics Pte. Ltd.,1,0,1
BiVACOR Inc.,1,0,1
"Bivision Pharmaceuticals, Inc.",1,0,1
"Black Tie Medical, Inc.",1,0,1
BlackfinBio Ltd,1,0,1
BlackFrame.ai,1,0,1
Blinklab Limited,1,0,1
"Bloomage Biotechnology Corp., Ltd.",1,0,1
Blue Earth Therapeutics Ltd,1,0,1
Blue Lake Biotechnology Inc.,1,0,1
Bluedrop Medical Limited,1,0,1
BlueHalo,1,0,1
BlueSkeye AI,1,0,1
BlueWind Medical,1,0,1
BnH Research,1,0,1
Bochang,1,0,1
"Bold Therapeutics, Inc.",1,0,1
Bolt Medical,1,0,1
Bond Biosciences,1,0,1
Bonebridge AG,1,0,1
Boomerang Medical,1,0,1
Boston Immune Technologies and Therapeutics,1,0,1
"Botanee Group Co., Ltd.",1,0,1
Boulder Care,1,0,1
"Bovita Labs, LLC",1,0,1
"Bracco Diagnostics, Inc",1,1,1
Brain Electrophysiology Laboratory Company,1,0,1
Brain Health Scotland Life Sciences Ltd,1,0,1
"Brain State Technologies, LLC",1,0,1
Brain Trust Bio,1,0,1
Braincare Limited,1,0,1
Braincare USA Corp,1,0,1
"BrainChild Bio, Inc",1,0,1
Braingaze,1,0,1
BrainQ Technologies Ltd.,1,0,1
BrainSonix Inc.,1,0,1
Brainstorm-Cell Therapeutics,1,1,1
"Braveheart Bio, Inc.",1,1,1
"Breathe Biologics, Inc.",1,1,1
Breathe BioMedical Inc,1,0,1
Brenus Pharma,1,0,1
Brexogen Inc.,1,0,1
"Bridge Biotherapeutics, Inc.",1,0,1
BridGene Biosciences Inc.,1,0,1
BrightGene New Bio-Medical Technology(Wuxi) Co.Ltd.,1,1,1
Brightmind.AI,1,0,1
"BrightPath Biotherapeutics Co., Ltd.",1,0,1
Brilliant Inspiration Biotherapeutics,1,0,1
BrioHealth BV,1,0,1
"BrioHealth Solutions, Inc.",1,0,1
"BRPharm Co., Ltd.",1,0,1
"BrYet US, Inc.",1,0,1
BSN Medical GmbH,1,0,1
Bugworks Research Inc.,1,0,1
Bukwang Pharmaceutical,1,1,1
Buzzard Pharmaceuticals,1,0,1
ByHeart,1,0,1
Byteflies,1,0,1
C5 Biomedical,1,0,1
Cadence Neuroscience,1,0,1
Cajal Therapeutics Inc.,1,0,1
"Caldera Medical, Inc.",1,0,1
"Calimmune, Inc.",1,0,1
Calixis Inc.,1,0,1
Calla Lily Clinical Care Ltd,1,0,1
Callahan-Young LLC DBA Jigsawdio,1,0,1
Callio Therapeutics,1,0,1
Calluna Pharma AS,1,0,1
Calyan Technologies,1,0,1
Cambiotics ApS,1,0,1
CAMP4 Therapeutics Corporation,1,0,1
"Canada Royal Enoch Phytomedicine Co., Ltd.",1,0,1
Canary Medical,1,0,1
CANbridge Life Sciences Ltd.,1,1,1
Cancer Vaccines Limited,1,0,1
"Capso Vision, Inc.",1,0,1
Capstan Medical,1,0,1
Capstan Therapeutics,1,0,1
CAPTEUR PROTECT,1,0,1
Captor Therapeutics S.A.,1,0,1
Caravel Oculus Pty Ltd,1,0,1
Carbiogene Therapeutics Co. Ltd.,1,0,1
Carcinex Inc,1,0,1
Cardiac Implants LLC,1,0,1
CardioMech AS,1,0,1
CardioStory INC,1,0,1
CardioVia,1,0,1
Caregen Co. Ltd.,1,0,1
CareTaker Medical LLC,1,0,1
Carina Biotech Limited,1,0,1
"Caring Technologies, Inc.",1,0,1
Carl Zeiss Meditec-Dublin CoCe,1,0,1
"Carna Biosciences, Inc.",1,0,1
Cartago Biotech Pty Ltd,1,0,1
CarThera,1,1,1
"CarthroniX, Inc.",1,0,1
Cartilage Repair Systems BV,1,0,1
Cartography Biosciences,1,0,1
"CAS Lamvac (Guangzhou) Biomedical Technology Co., Ltd.",1,1,1
"CAS Lamvac Biotech Co., Ltd.",1,0,1
Cassini Technologies,1,0,1
CastleVax Inc.,1,0,1
Catalysis SL,1,0,1
"Catalyst Pharmaceuticals, Inc.",1,0,1
Catapult Therapeutics,1,0,1
"Cathbot (Shanghai) Robot Co., Ltd",1,0,1
CathWorks Ltd.,1,0,1
"Cayuga Biotech, Inc.",1,0,1
CDR-Life AG,1,0,1
CDx Diagnostics,1,0,1
"Ceek Women's Health, INC",1,0,1
Cefaly Technology,1,0,1
CeleCor Therapeutics,1,1,1
"Celest Therapeutics (Shanghai) Co., Ltd.",1,0,1
Celestra Health Systems,1,0,1
Cell Energy Life Sciences Group Co. LTD,1,0,1
"Cell Origin Biotech (Hangzhou) Co., Ltd.",1,0,1
CELL Technologies Inc.,1,1,1
CellARTs Inc.,1,0,1
Cellf Bio LLC,1,0,1
Cellio Therapeutics Inc,1,0,1
CellTherX,1,0,1
CellTrans Inc.,1,1,1
Cellvax Therapeutics Inc,1,0,1
Celosia Therapeutics Pty Ltd,1,0,1
Celregen Therapeutics,1,0,1
Celtic Biotech Ltd,1,0,1
Cenna Biosciences Inc.,1,0,1
Centauri Therapeutics Limited,1,0,1
Center for Research and Innovation Viña Concha y Toro,1,0,1
Centrexion Therapeutics,1,0,1
Ceramisys Ltd,1,0,1
"CeraPedics, Inc",1,0,1
CeraRoot SL,1,0,1
Cerecin,1,1,1
CereGate Inc.,1,0,1
"CereMark Pharma, LLC",1,1,1
Cereneo AG,1,0,1
Cereno Scientific AB,1,0,1
"Ceresti Health, Inc.",1,0,1
Ceretrieve Ltd.,1,0,1
Cerevance,1,1,1
CergenX Limited,1,0,1
"Cerium Pharmaceuticals, Inc.",1,1,1
CERM INC.,1,0,1
Cern Corporation,1,0,1
"CERo Therapeutics Holdings, Inc.",1,0,1
"Certis Oncology Solutions, Inc",1,0,1
Ceryx Medical Australia,1,0,1
"CG Pharmaceuticals, Inc",1,0,1
ChainGen Biopharma Ltd,1,0,1
"Changchun Tuohua Pharmaceutical Co., Ltd.",1,0,1
Change Accelerator in Respiratory Care,1,0,1
"Changshan ConjuChem BioPharmaceutical Research and Development (Hebei) Co., Ltd.",1,0,1
"Changzhou Qianhong Bio-pharma Co., Ltd.",1,0,1
Channel Medsystems,1,0,1
Charm Therapeutics,1,0,1
"Chaser Therapeutics, Inc.",1,0,1
Check Point R & D Ltd,1,0,1
Checkmab S.r.l.,1,0,1
"Checkpoint Therapeutics, Inc.",1,0,1
Cheers Health,1,0,1
"Chengdu Anticancer Bioscience, Ltd.",1,0,1
"Chengdu Brilliant Pharmaceutical Co., Ltd.",1,0,1
"Chengdu CoenBiotech Co., Ltd",1,1,1
"Chengdu FenDi Pharmaceutical Co., Ltd.",1,0,1
"Chengdu Qingshan Likang Pharmaceutical Co., Ltd",1,0,1
"Chengdu SciMount Pharmatech Co., Ltd.",1,0,1
Chengdu Silara Meditech Inc.,1,0,1
"Chengdu StarRay Therapeutics Co., Ltd",1,0,1
"CHFDX,Inc.",1,0,1
Chobani,1,0,1
"Chongqing Genrix Biopharmaceutical Co., Ltd",1,0,1
"Chordia Therapeutics, Inc.",1,0,1
Chr Hansen - part of Novonesis,1,0,1
Chris Jaynes,1,0,1
"CIATRIX, INC.",1,0,1
"Circadian OS, Inc",1,0,1
Circle Pharma,1,0,1
"Circle Safe, Inc.",1,0,1
Circul'Egg,1,0,1
"Circunited BioPharma (Shenzhen) Co., Ltd.",1,0,1
"Cisen Pharmaceutical CO., LTD.",1,0,1
"Cision Vision, Inc.",1,0,1
"CJ Bioscience, Inc.",1,0,1
CKD Bio Corporation,1,0,1
Clariance,1,0,1
"Clarity Health Technologies, Inc",1,0,1
Clearmind Medicine Inc.,1,0,1
"Climatic, Inc.",1,0,1
Clinigen K.K.,1,0,1
"Clinuvel, Inc.",1,1,1
"Cloudbreak Therapeutics, LLC",1,1,1
Clover Biopharmaceuticals AUS Pty,1,0,1
"Clover Biopharmaceuticals USA, LLC",1,0,1
CMG Pharmaceutical Co. Ltd,1,1,1
"CNS Pharmaceuticals, Inc.",1,0,1
CNSystems Medizintechnik GmbH,1,0,1
CoapTech,1,0,1
CognifiSense Inc.,1,0,1
Cognita Labs LLC,1,0,1
Coherence Neuro Australia Pty Limited,1,0,1
Cohesys Inc.,1,0,1
CoLabs Medical,1,0,1
Coldplasmatech,1,0,1
Colibri Heart Valve LLC,1,0,1
Comanche Biopharma,1,0,1
CoMind Technologies Limited,1,0,1
"Companion IQ, Inc",1,0,1
Comphya Australia,1,0,1
Comphya Inc.,1,0,1
Complement Theory Inc.,1,0,1
Composite Interceptive Med Science,1,0,1
"Computer Technology Associates, Inc.",1,0,1
"Conceptra Biosciences, LLC",1,0,1
CoNextions Medical,1,1,1
"Connecta Therapeutics, S.L.",1,0,1
CONNEXT,1,0,1
Consano Bio,1,0,1
ConSynance Therapeutics,1,0,1
ContextVision AB,1,0,1
"Continuity Biosciences, LLC",1,0,1
Convergent Therapeutics,1,0,1
"Coologics, Inc",1,0,1
"Coordination Pharmaceuticals, Inc.",1,0,1
Corcym S.r.l,1,0,1
"Cordgenics, LLC",1,1,1
"CorDx, Inc.",1,0,1
"CoRegen, Inc.",1,0,1
CoreMap Inc.,1,0,1
CoreTissue BioEngineering Inc.,1,0,1
Cornerstone Robotics,1,0,1
Cortex,1,0,1
CorWave,1,0,1
Corza Medical GmbH,1,1,1
Cosmo Artificial Intelligence-AI Ltd,1,0,1
"Cosomil, Inc.",1,0,1
"Cothera Bioscience, Inc",1,0,1
Cough Monitoring Medical Solutions,1,0,1
Coya Therapeutics,1,1,1
Crainio Ltda,1,0,1
CREmedical,1,0,1
"Crescent Biopharma, Inc.",1,0,1
Crimson Biopharm Inc.,1,0,1
CRISM Therapeutics LTD,1,0,1
"Crossignal Therapeutics, Inc.",1,0,1
Crownlands,1,0,1
CryoCord Sdn Bhd,1,0,1
"CryoLife, Inc.",1,0,1
"CrystalGenomics, Inc.",1,0,1
Cuerpos Serranos S.L.,1,0,1
CuraCell TX AB,1,0,1
"Curadel Surgical Innovations, Inc.",1,1,1
"CuraSen Therapeutics, Inc.",1,0,1
Curasight,1,0,1
Curemark,1,1,1
Curevo Inc,1,0,1
CuromeBiosciences,1,0,1
Currax Pharmaceuticals,1,0,1
CutoSense Oy,1,0,1
"Cyclarity Therapeutics, Inc.",1,0,1
Cycle Therapeutics Ltd,1,0,1
Cynata Therapeutics Limited,1,0,1
"Cystetic Medicines, Inc.",1,0,1
Cystotech,1,0,1
CytaCoat AB,1,0,1
Cyted Health Inc,1,0,1
"CytoAgents, Inc.",1,0,1
Cytoastra,1,0,1
"Cytocraft Biopharmaceutical Co., Ltd.",1,0,1
CytoMed Therapeutics Pte Ltd,1,0,1
Cytora Ltd.,1,0,1
"CytosinLab Therapeutics Co., Ltd.",1,0,1
Cytosite Biopharma Inc.,1,0,1
"D. E. Shaw Research, LLC",1,0,1
D2M Biotherapeutics Inc.,1,0,1
"Daehwa Pharmaceutical Co., Ltd.",1,1,1
Dairy Goat Co-operative (N.Z.) Limited,1,0,1
DalCor Pharmaceuticals,1,1,1
Damora Therapeutics,1,0,1
Danone Nutricia SpA Società Benefit,1,0,1
"Danyang Huichuang Medical Equipment Co., Ltd.",1,1,1
Dartsbio Pharmaceuticals Ltd.,1,0,1
Dasher Neuroscience Inc.,1,0,1
"Data Yakka, Inc.",1,0,1
David McVay,1,0,1
DeCell Technologies Inc.,1,0,1
Dedienne Sante S.A.S.,1,0,1
DeepTrace Technologies S.r.l.,1,0,1
Deepull Diagnostics S.L.,1,0,1
Defymed,1,0,1
Değirmenci Otomotiv ve Metal Endüstri A.Ş.,1,0,1
Degron Therapeutics Co.,1,0,1
DEKA Biosciences,1,0,1
"Delve Bio, Inc.",1,0,1
"DEM BioPharma, Inc.",1,0,1
Demaod Ltd,1,0,1
DemaxGroup,1,0,1
Dendreon,1,0,1
Dendrogenix,1,0,1
"DermaSensor, Inc.",1,0,1
"DermBiont, Inc.",1,0,1
"Dermed Diagnostics, Inc.",1,0,1
Desin LLC,1,0,1
DeuterOncology,1,0,1
Developeration AB,1,0,1
Dewpoint Therapeutics,1,0,1
DEXLEVO,1,0,1
DexTech Medical AB,1,0,1
Diagnostica Stago R&D,1,0,1
"Diagonal Therapeutics, Inc.",1,0,1
Diality Inc.,1,0,1
DiaMedica Therapeutics Inc,1,1,1
Diamens FlexCo,1,0,1
diaMentis Inc.,1,0,1
DIAMPARK,1,0,1
DiappyMed,1,0,1
DiaSorin Inc.,1,0,1
DiaSorin Molecular LLC,1,0,1
"Digestive Care, Inc.",1,0,1
"Digital Health Navigation Solutions, Inc",1,0,1
Digma Medical Ltd.,1,0,1
DIGMBIO,1,0,1
DILO Medical,1,0,1
Dimerix Bioscience Pty Ltd,1,1,1
Dispatch Biotherapeutics,1,0,1
Distal Inc.,1,0,1
DITU Inc.,1,0,1
"Dizal (Jiangsu) Pharmaceutical Co., Ltd.",1,1,1
DKSH Management (Thailand) Limited,1,0,1
DL Analytics,1,0,1
Dogwood Therapeutics Inc.,1,0,1
"Doma Biopharmaceutical（Suzhou）Co., Ltd.",1,0,1
Domain Therapeutics Australia Pty Ltd,1,0,1
Dongguan TT Medical,1,0,1
Doron Therapeutics Inc.,1,1,1
Dotspace Inc.,1,0,1
Dr George Medvedev,1,1,1
DR Healthcare - biotexia,1,0,1
Dr. Gerhard Mann chem.-pharm. Fabrik GmbH,1,0,1
Dr. Goodenowe Research LLC,1,0,1
Dr. Joachim Enax,1,0,1
Dr. Korman Laboratories Ltd.,1,0,1
Dr. Willmar Schwabe GmbH & Co. KG,1,0,1
DreaMed Diabetes,1,0,1
"DSciLab Co., Ltd.",1,0,1
DSP Industrial Ltda,1,0,1
"DT MedTech, LLC",1,0,1
"Duboce Biopharmaceuticals, Inc.",1,0,1
Duke Street Bio Ltd,1,0,1
DuoGenic StemCells Corporation (DGSC),1,1,1
"DurVena, Inc.",1,0,1
Dutch Medical Food,1,0,1
Dux Healthcare Inc.,1,0,1
Dymicron,1,0,1
Dynamic Medical Services dba Acesso Biologics,1,0,1
DynamiCare Health,1,0,1
DynamiCure Biotechnology,1,0,1
"Dynocardia, Inc",1,0,1
E-Scopics,1,0,1
"E-Star BioTech, LLC",1,0,1
"Eagle Pharmaceuticals, Inc.",1,0,1
Early is Good Inc.,1,0,1
Eatit AB,1,0,1
"Ebers Medical Technology, S.L.",1,0,1
EBI Anti Sepsis BV,1,1,1
"EchoPixel, Inc.",1,0,1
"Eclipse Life Sciences, Inc.",1,0,1
Eclipse Medical Ltd.,1,0,1
"ECM Therapeutics, Inc.",1,0,1
Ecotera Health LLC,1,0,1
Edge+Ease,1,0,1
EdiGene Inc.,1,0,1
"Efemoral Medical, Inc.",1,0,1
EG Labo,1,0,1
"eGenesis, INC",1,0,1
Eggensberger OHG,1,0,1
Egle Therapeutics,1,0,1
Egoo Health Aps,1,0,1
Eight Medical International BV,1,0,1
Eight Sleep Inc.,1,0,1
Eilean Therapeutics AU Pty Ltd,1,0,1
EIR Biotherapies s.r.l.,1,0,1
Eisbach Bio GmbH,1,0,1
Ekso Bionics,1,0,1
Electronic Waveform Lab,1,0,1
Eleison Pharmaceuticals LLC.,1,1,1
Elenzia,1,0,1
Eleusis Therapeutics,1,0,1
eleva GmbH,1,0,1
Elevara Medicines Limited,1,0,1
Eli Radiopharma,1,0,1
Elicio Therapeutics,1,0,1
"Elidah, Inc.",1,0,1
"Elion Therapeutics, Inc.",1,0,1
"Elisigen, Inc.",1,0,1
Elixiron Immunotherapeutics (Hong Kong) Ltd.,1,0,1
EllaOla,1,0,1
"Elle, MD Biotechnologies Inc.",1,0,1
Ellele Health,1,0,1
ElmediX,1,1,1
Eluciderm Inc,1,0,1
Elumn8 Medical,1,0,1
"Elute, Inc.",1,0,1
Elutia Inc.,1,0,1
Elypta,1,0,1
Embobio Medical,1,0,1
Emerald Clinical Inc.,1,0,1
Emercell SAS,1,0,1
Emmecell,1,0,1
"Empirical Spine, Inc.",1,0,1
Empros Pharma AB,1,0,1
EmStop Inc,1,0,1
eMyosound SAS,1,0,1
ENA Respiratory Pty Ltd,1,0,1
"Encora, Inc.",1,0,1
Encore Medical Inc.,1,0,1
"Encore Medical, L.P.",1,0,1
Endevica Bio,1,0,1
Endocision Technologies Inc.,1,0,1
Endocrine Research Solutions,1,0,1
Endocyte,1,0,1
Endomatic Ltd.,1,0,1
"EndoQuest Robotics, Inc.",1,0,1
Endoron Medical,1,0,1
EndoStream Medical,1,0,1
"Endovision Co., Ltd.",1,0,1
Endowave Ltd.,1,0,1
Endra Lifesciences,1,0,1
"enGene, Inc.",1,0,1
Engeneic Pty Limited,1,0,1
"Enlight Medical Technologies (Shanghai) Co., Ltd",1,0,1
Ensem Therapeutics,1,0,1
"Ensho Therapeutics, Inc.",1,0,1
"Enspire DBS Therapy, Inc.",1,0,1
Envoy Medical Corporation,1,0,1
EP Solutions SA,1,0,1
epHealth,1,0,1
EpiBiologics,1,0,1
Epibiotech,1,0,1
"Epibone, Inc.",1,0,1
"Epicrispr Biotechnologies, Inc.",1,0,1
Epics Therapeutics,1,0,1
"EpiDestiny, Inc.",1,0,1
Episurf Medical Inc.,1,0,1
Epitopea Ltd,1,0,1
Epividian,1,0,1
Epkin,1,0,1
EPOCA U&I,1,0,1
Epsilogen Ltd,1,0,1
Epygon,1,0,1
eQ8Health Corporation d/b/a CareONE Concierge,1,0,1
Equilibra Bioscience LLC,1,0,1
Equillium,1,0,1
Equip Health,1,0,1
Eric Rosenberg,1,0,1
Ermi LLC,1,0,1
ERX Pharmaceuticals,1,0,1
Esaote S.p.A.,1,0,1
ESI,1,0,1
ESTEVE Pharmaceuticals SAS,1,0,1
"Esteve Pharmaceuticals, S.A.",1,0,1
"Estrella Immunopharma, Inc.",1,0,1
Ethris GmbH,1,0,1
Etnova Therapeutics Corp.,1,0,1
EuMelaReg gGmbH,1,0,1
"Euphrates Vascular, Inc.",1,0,1
Eupraxia Pharmaceuticals Inc.,1,0,1
Eurofeedback,1,0,1
Euromi Biosciences,1,0,1
"EuroPharma, Inc.",1,0,1
Euroteknika,1,0,1
Eva Pharma,1,0,1
Evasc Medical Systems Corp.,1,0,1
Evaxion Biotech A/S,1,0,1
EVD Pharmacy and Medical Company Limited,1,0,1
Ever Neuro Pharma GmbH,1,0,1
Everbeat,1,0,1
"Everest Detection, Inc.",1,0,1
Everwell Health,1,0,1
EveryONE Medicines Inc.,1,0,1
"Evolve Medicus, Inc.",1,0,1
"EvolveImmune United, Inc",1,0,1
Evon Medics LLC,1,0,1
Evondos Oy,1,0,1
EXACT Therapeutics AS,1,0,1
Exai Bio Inc.,1,0,1
Excellergy Inc.,1,0,1
Excision BioTherapeutics,1,0,1
Exciva GmbH,1,1,1
"Exegi Pharma, LLC",1,0,1
EXO Biologics S.A.,1,0,1
Exosomm Ltd.,1,0,1
"Expedition Therapeutics, Inc",1,0,1
ExpreS2ion Biotechnologies,1,0,1
"Expression Therapeutics, LLC",1,0,1
eXRt Intelligent Healthcare,1,0,1
Extend Biosciences Inc.,1,0,1
Extremity Medical,1,0,1
Eye-yon Medical,1,0,1
EyeCBetter Corporation,1,0,1
"EyeCool Therapeutics, Inc.",1,0,1
EyeD Pharma,1,0,1
Eyestem Research Pvt. Ltd.,1,0,1
F Care Systems NV,1,0,1
F2D Medical,1,0,1
Farmoquimica S.A.,1,0,1
FastWave Medical,1,0,1
FB Vision S.p.A,1,0,1
Febico Biomedical Corp.,1,0,1
Feldan Therapeutics,1,0,1
FELIQS INC.,1,0,1
Feminai,1,0,1
Ferronova Pty Ltd,1,0,1
"Fertiga, Belgium",1,0,1
FertilAI,1,0,1
Fertility Center of Las Vegas,1,0,1
"Fetal Care Center, PLLC",1,0,1
FetalEase Ltd.,1,0,1
FetalFirst Limited,1,0,1
FH Joanneum Gesellschaft mbH,1,0,1
FIAB SpA,1,0,1
Fin-Ceramica Faenza Spa,1,0,1
FineHeart,1,0,1
Finzelberg GmbH & Co. KG,1,0,1
FIZE Medical ltd,1,0,1
Flavolife Srl,1,0,1
Flen Health,1,0,1
Flo Health Inc.,1,0,1
"Flow Medical Solutions, Inc.",1,0,1
"FlowMod, Inc.",1,0,1
"FlowPhysix, Inc.",1,0,1
"Fluidx Medical Technology, Inc.",1,0,1
FluoGuide A/S,1,0,1
"FluxWear, INC",1,0,1
Foghorn Therapeutics Inc.,1,0,1
"Foldax, Inc",1,0,1
"Foresight Therapeutics (Hefei) Co., Ltd.",1,0,1
"Forge Biologics, Inc",1,0,1
"Formation Bio, Inc.",1,0,1
Formycon AG,1,0,1
ForSight Robotics Ltd,1,0,1
Fortis Medical Devices Limited,1,0,1
Forward Therapeutics,1,0,1
FoRx Therapeutics AG,1,0,1
"Fosun Pharmaceutical Industrial Development (Shenzhen) Co., Ltd.",1,0,1
Freiburger Medizintechnik GmbH,1,0,1
"FrontAce Scientific Co., Ltd",1,0,1
Frontier Medicines Corporation,1,0,1
Fruithy Holdings Limited,1,0,1
"Fujian Mindong Rejuvenation Pharmaceutical Co., Ltd.",1,1,1
"Fujifilm Medical Systems USA, Inc.",1,0,1
Full-Life Technologies UK Limited,1,0,1
"Future Cardia, Inc",1,0,1
Fuzzle Operating Co.,1,0,1
FzioMed,1,0,1
G&G Biotechnology Ltd.,1,0,1
Gabriel Sanchez,1,0,1
Gaize,1,0,1
"GalenusRx, Inc.",1,0,1
"Gameto, Inc.",1,1,1
"Gannex Pharma Co., Ltd.",1,0,1
"GAP Innovations, PBC",1,0,1
Gateway Institute for Brain Research,1,0,1
Gattaca Genomics,1,0,1
GenCanna Acquisition Corp,1,0,1
"Gencurix, Inc.",1,0,1
GeneCraft Inc.,1,0,1
GenEditBio Limited,1,0,1
"Genemagic Biosciences Co., Ltd",1,0,1
"GeneMedicine Co., Ltd.",1,0,1
"Geneoscopy, Inc.",1,0,1
General Biophysics LLC,1,0,1
General Mills,1,0,1
"General Oncology, Inc.",1,0,1
Genespire Srl,1,0,1
Genetesis Inc.,1,0,1
"Genexine, Inc.",1,1,1
Genie Fertility Ltd,1,0,1
GenomeDx Biosciences Corp,1,0,1
Genovate-NaviFUS (Australia) Pty Ltd.,1,0,1
"Genovn Therapeutics (Suzhou) Co., Ltd.",1,0,1
"Genuine Seed Therapeutics (Zhuhai) Co., Ltd.",1,0,1
Geode Therapeutics Inc.,1,0,1
George (Beijing) Clinical Research Co. Ltd.,1,0,1
Gerd Care Medical Ltd,1,0,1
Geropharm,1,1,1
Gesynta Pharma AB,1,0,1
Gibson Institute of Cognitive Research,1,0,1
"GID BIO, Inc.",1,1,1
"Gila Therapeutics, Inc.",1,0,1
Gilva Therapeutics Inc.,1,0,1
Gipfel Life Sciences GmbH,1,1,1
Giuseppe Tarantini,1,0,1
Givaudan France Naturals,1,0,1
GL Pharm Tech Corporation,1,1,1
"Glimpse Diagnostics, Inc.",1,0,1
"Global Biomedical Technologies, LLC",1,0,1
Global Institute of Stem Cell Therapy and Research,1,0,1
"Global Stem Cell Center, Baghdad",1,0,1
"Glonova Pharma Co., Ltd",1,0,1
GluBio Therapeutics Inc.,1,0,1
Glucotrack,1,0,1
GLYCAR SA (Pty) Ltd,1,0,1
Glycostem Therapeutics BV,1,0,1
"Glycotest, Inc.",1,0,1
Go Medical Industries Pty Ltd,1,0,1
Gold Standard Phantoms,1,0,1
Gordian Surgical,1,0,1
GPN Vaccines,1,0,1
"Grace Medical, Inc.",1,0,1
"Grace Science, LLC",1,1,1
Grace Therapeutics Inc.,1,1,1
"Gradalis, Inc.",1,0,1
Graegis Pharmaceuticals Ltd,1,0,1
Granata Bio Corporation,1,1,1
"Grand Shuyang Life Sciences (Chengdu) Co., Ltd.",1,1,1
Granular Therapeutics Limited,1,0,1
Great China Fatty Liver Consortium Limited,1,0,1
Green Cross Corporation,1,0,1
GreenBone Ortho S.p.A.,1,0,1
GreenCare Pharma,1,0,1
"Greenwich LifeSciences, Inc.",1,1,1
Greg Bew,1,0,1
Grena Biomed Limited,1,0,1
"Gritbio Medicine, Inc.",1,0,1
Groovy Medicine (Hangzhou) Ltd.,1,0,1
Groupe Éthique et Santé,1,0,1
Groupe Mulliez-Flory,1,0,1
Gruppo Bioimpianti S.r.l.,1,0,1
"Guangzhou Burning Rock Dx Co., Ltd.",1,0,1
"GuangZhou Cellgenes Biotechnology Co., Ltd.",1,0,1
Guangzhou Excelmab Inc.,1,0,1
Guangzhou Henovcom Bioscience Co. Ltd.,1,0,1
"Guangzhou Manjing biomedicine technology co., ltd",1,0,1
"Guangzhou Xiling Biotechnology Co., Ltd.",1,0,1
Gubra A/S,1,0,1
Guided Therapeutics,1,0,1
Guiding Technologies Corporation,1,0,1
Gulf Bird,1,0,1
Gyala Therapeutics,1,0,1
Gymna Uniphy,1,0,1
GYNOV,1,0,1
GyroGear Ltd,1,0,1
H'ability,1,0,1
Haermonics BV,1,0,1
Half Moon Medical,1,0,1
Hallura Ltd.,1,0,1
Hamilton Medical AG,1,0,1
Hamlet Pharma AB,1,1,1
"Hanger Institute for Clinical Research and Education, LLC",1,0,1
"Hangzhou Dinovate Biotech Co., Ltd",1,0,1
"Hangzhou Jiuyuan Gene Engineering Co. Ltd.,",1,1,1
"Hangzhou Kangji Weijing Medical Robotics Co., Ltd.",1,0,1
Hangzhou MacroLink Biopharmaceutical LLC,1,0,1
"Hangzhou Polymed Biopharmaceuticals, Inc.",1,0,1
"Hangzhou Qihan Biotech Co., Ltd.",1,0,1
"Hangzhou Weben Pharma Co., Ltd",1,0,1
"Hanson Medical, Inc.",1,0,1
"Happiest Baby, Inc.",1,0,1
Happitech BV,1,0,1
"Harvard Apparatus Regenerative Technology, Inc.",1,0,1
"Haya Therapeutics, Inc.",1,0,1
HBC Immunology Inc,1,0,1
HCW Biologics,1,0,1
HDT Bio,1,0,1
Head Diagnostics,1,0,1
Healeon Medical Inc,1,0,1
Health Discovery Labs,1,0,1
"HealthBio, Inc.",1,1,1
Healthguard Biomed,1,0,1
HealthTech Wound Care,1,0,1
Healx Limited,1,0,1
"Heart Failure Solutions, Inc.",1,0,1
HeartEye,1,0,1
Hedera Dx SA,1,0,1
Hedia ApS,1,0,1
"Hefei Xinzhu Biological Technology Co., Ltd.",1,0,1
Heidelberg Pharma AG,1,0,1
Helios Aesthetics Inc.,1,0,1
Helios Cardio Inc.,1,0,1
Helix Surgical,1,0,1
"Helix, Inc",1,0,1
Hemay Pharmaceutical PTY. LTD.,1,0,1
Hemerion Therapeutics,1,0,1
Hemitec Finland Oy,1,0,1
Hemogenyx Pharmaceuticals LLC,1,0,1
Hemorai Inc,1,0,1
hemotune AG,1,0,1
Hemovent GmbH,1,0,1
HepaRegeniX GmbH,1,0,1
"Hera Biotech, Inc.",1,0,1
Hercules,1,0,1
HeroSupport SA,1,0,1
Heuristik Technologies SL,1,0,1
"Hexaell Biotech Co., Ltd.",1,0,1
Hexiris Inc,1,0,1
"HiberCell, Inc.",1,0,1
Highlightll Pharmaceutical (USA) LLC,1,0,1
Highridge Medical,1,0,1
HighsLab Therapeutics Inc.,1,0,1
Hillcrest,1,0,1
HillMed Inc.,1,0,1
"Holobiome, Inc.",1,0,1
Home Habilis,1,0,1
"Homology Medicines, Inc",1,0,1
Hong Kong Sanatorium & Hospital,1,0,1
"HongKong Curegene Innovation Co., Limited",1,0,1
HONYA Medical Co Ltd,1,0,1
Honya Medical Inc,1,0,1
"Hope Care, S.A",1,0,1
Horizon Surgical Systems Inc.,1,0,1
Hospital at Home AG,1,0,1
"HotSpot Therapeutics, Inc",1,0,1
Housey Healthcare ULC,1,0,1
Hoya Lens Rus LLC,1,0,1
HOYA Lens Thailand LTD.,1,0,1
HRI-MAIL-NIT,1,0,1
"HTIC, Inc",1,0,1
"HuaMg Perfection Med Tech (Suzhou) Co., Ltd.",1,0,1
"Huede Healthtech Co., Ltd.",1,0,1
Human Cell Design,1,0,1
Human Optimization Project,1,0,1
Hummingbird Diagnostics,1,0,1
"HuniLife Biotechnology, Inc.",1,0,1
Huons Biopharma,1,1,1
HVR Cardio Oy,1,0,1
"hy Co., LTD.",1,0,1
Hydrumedical,1,0,1
Hyperfine,1,0,1
Hyundae Meditech,1,0,1
"i-Function, Inc.",1,0,1
i-Lumen Scientific AUS PTY LTD,1,0,1
I-MED Pharma,1,0,1
"i-SENS, Inc.",1,0,1
"Iambic Therapeutics, Inc",1,0,1
iamYiam Limited,1,0,1
iATROS GmbH,1,0,1
"IBA Proton Therapy, Inc.",1,0,1
"iBio, Inc.",1,0,1
"IBIOME BIOTECHNOLOGY CO., LTD",1,0,1
"IBS-80, LLC",1,0,1
Icarus Medical Innovations,1,0,1
ICE S.p.A.,1,0,1
Ichnos Sciences SA,1,0,1
iCoat Medical AB,1,1,1
Iconic Solutions By Murcia SL,1,0,1
IDB VisionCare SDN BHD,1,1,1
"IDBiologics, Inc.",1,0,1
IdentifyHer Limited,1,0,1
"Idera Pharmaceuticals, Inc.",1,0,1
IDI Skincare Limited,1,0,1
"IGC Pharma, LLC",1,0,1
IGEA,1,0,1
iiShield,1,0,1
IlDong Pharmaceutical Co Ltd,1,0,1
"iLeukon Therapeutics, Inc.",1,0,1
IMADIS Technologies et Services,1,0,1
"Imagine Scientific, Inc.",1,0,1
"ImagiRation, LLC",1,0,1
"Imara, Inc.",1,0,1
Imbed Biosciences,1,0,1
ImCare Biotech,1,0,1
"IMGT Co., Ltd.",1,0,1
Immedica Pharma US Inc,1,0,1
ImmunAbs Inc.,1,0,1
Immunitas Therapeutics,1,0,1
"Immunolight, LLC",1,0,1
"Immunovia, Inc.",1,0,1
"Immusoft of CA, Inc.",1,0,1
ImmVirx Pty Ltd,1,0,1
"Impax Laboratories, LLC",1,0,1
"Implantcast North America, LLC",1,0,1
Implicity,1,0,1
ImStem Biotechnology,1,0,1
Imvax,1,0,1
In8bio Inc.,1,0,1
Incisive Technologies Pty Ltd,1,0,1
Incyclix Bio,1,0,1
"Indapta Therapeutics, INC.",1,0,1
"Indaptus Therapeutics, Inc",1,0,1
India Glycols Ltd,1,0,1
Indigo Diabetes NV,1,0,1
"Indizen Optical Technologies, S.L.U.",1,0,1
"InduPro, Inc.",1,0,1
Infan Industria Quimica Farmaceutica Nacional,1,1,1
Infant Bacterial Therapeutics,1,1,1
Ingenia Therapeutics INC,1,0,1
Inhatarget Therapeutics,1,0,1
Inherent Biosciences,1,0,1
Inipharm Australia Pty Ltd,1,0,1
Initiator Pharma,1,0,1
Inner Cosmos Inc,1,0,1
"Innoblative Designs, Inc.",1,0,1
"InnoBM Pharmaceuticals Co., Ltd.",1,1,1
Innoprod Medical,1,0,1
Innoskel,1,0,1
Innosphere,1,0,1
InnoUp Farma S.L.,1,0,1
"Innova Vascular, Inc.",1,0,1
Innovacell GmbH,1,1,1
InnoVein,1,0,1
Inocras Korea Inc.,1,0,1
Inogen Inc.,1,0,1
INOPASE Pty Ltd,1,0,1
Inossia AB,1,0,1
InovCares Connected Comprehensive Healthcare Corporation,1,0,1
"inQB8 Medical Technologies, LLC",1,0,1
"Inquis Medical, Inc.",1,0,1
Intech Biopharm Ltd.,1,0,1
IntegerBio,1,0,1
Integrant Pty Ltd,1,1,1
"Integrity Orthopaedics, Inc.",1,0,1
Intelligem Therapeutics Australia Pty Ltd.,1,0,1
Intelligence Anesthesia,1,0,1
"Intensity Therapeutics, Inc.",1,1,1
Interlinked AB,1,0,1
Interna Therapeutics Ltd.,1,0,1
International Health Strategies LLC,1,0,1
"InterShunt Technologies, Inc.",1,0,1
Intervascular,1,0,1
"Intervene Immune, Inc.",1,0,1
Interventional AnalgesiX Inc.,1,0,1
InThera Inc. Korea,1,0,1
"IntoCell, Inc",1,0,1
"IntraAb, Inc.",1,0,1
IntraGel Therapeutics,1,0,1
Intressa Vascular SA,1,0,1
Intrinsic Therapeutics,1,0,1
Invenio Imaging Inc.,1,0,1
Inventera Inc.,1,1,1
"Invero Pharma, Inc.",1,1,1
"Iongen Therapeutics Co., Ltd.",1,0,1
"Iota Biosciences, Inc",1,0,1
IPERF SAS,1,0,1
iPremom,1,0,1
iQure Australia Pty Ltd,1,0,1
IR INNOVATE RESEARCH PRIVATE LIMITED,1,0,1
Isofol Medical AB,1,0,1
"iSono Health, Inc.",1,0,1
iSpecimen Inc,1,0,1
Isto Biologics,1,0,1
"ITabMed Co., Ltd.",1,0,1
"Itamar-Medical, Israel",1,0,1
Iterion Therapeutics,1,0,1
"Iterum Therapeutics, International Limited",1,0,1
ITF Therapeutics LLC,1,0,1
iVEAcare,1,0,1
IVX Medical,1,0,1
J Ints Bio,1,0,1
"Jabez Bioscience, Inc",1,0,1
"Jaguar Gene Therapy, LLC",1,0,1
jaide,1,0,1
Japet Medical Devices,1,0,1
"Jason Ahee, M.D.",1,1,1
Javier Toledo,1,0,1
JaxBio Ltd,1,0,1
"jCyte, Inc",1,0,1
Jen-Ai Hospital Institutional Review Board,1,0,1
Jenscare Scientific,1,0,1
"Ji Yan Biomedical Co., Ltd.",1,0,1
"Jiangsu Carephar Pharmaceutical Co., Ltd.",1,0,1
Jiangsu Pacific Meinuoke Bio Pharmaceutical Co Ltd,1,0,1
"Jiangsu ProteLight Pharmaceutical & Biotechnology Co., Ltd.",1,0,1
"JIANGSU SHENMING Medical Technology CO., Ltd",1,0,1
"Jiangsu Yahong Meditech Co., Ltd aka Asieris",1,0,1
"Jiangsu YaYao Biotechnology Co., Ltd.",1,0,1
Jiankuan (Suzhou) Biotechnology Company Limited,1,1,1
"Jianmin Pharmaceutical Group Co., LTD.",1,0,1
JiaRay Group,1,0,1
Jilin Venus Haoyue Medtech Limited,1,0,1
Joey Porter,1,0,1
John Hale,1,0,1
Joined Bio,1,0,1
Joint Biosciences Ltd.,1,0,1
"JSR Medical Co., Ltd.",1,0,1
JT International SA,1,0,1
Jubilant Therapeutics India Limited,1,0,1
Julius Clinical,1,0,1
Jun Zhou,1,0,1
Jung Diagnostics GmbH,1,0,1
"Juri Biosciences, Inc.",1,0,1
Kahr Bio Australia Pty Ltd,1,0,1
"Kairon Connect, PBC",1,0,1
KaliVir Immunotherapeutics,1,0,1
Kamau Therapeutics,1,0,1
Kane Biotech Inc,1,0,1
Kaneka Americas Holding Inc.,1,1,1
Kaneka Corporation,1,0,1
"Kanglin Biotechnology (Hangzhou) Co., Ltd.",1,0,1
KARDI AI Technologies s.r.o.,1,0,1
Kardion Inc,1,0,1
KardioVis S.r.l.,1,0,1
Katmai Pharmaceuticals Inc.,1,0,1
KDRS ltd,1,0,1
Kelifarma,1,0,1
"Kelonia Therapeutics, Inc.",1,0,1
Kenai Therapeutics,1,0,1
Kenko Imalytics S.L.,1,0,1
Keri Pharma Hungary Kft,1,0,1
KeriCure Medical,1,0,1
Kerry Group P.L.C,1,0,1
"Kestra Medical Technologies, Inc.",1,0,1
Kevin Doody,1,0,1
Keya Medical,1,0,1
KeyBioscience AG,1,0,1
"Keystone Nano, Inc",1,0,1
Khondrion BV,1,1,1
Kimberly Meathrel,1,0,1
Kimera Labs Inc.,1,0,1
Kinaset Therapeutics Inc,1,0,1
"KinoTeck Therapeutics Co., Ltd",1,0,1
"Kintara Therapeutics, Inc.",1,0,1
Kiomed Pharma,1,0,1
"Kirin Holdings Company, Limited",1,0,1
Kiromic BioPharma Inc.,1,0,1
Kither Biotech Srl,1,0,1
Kiwi Health Inc,1,0,1
KLAVA Innovation,1,0,1
Klinik fur Pneumologie und Schlafmedizin Kantonsspital Aarau,1,0,1
Klothea Bio Inc,1,0,1
Klotho Sciences Australia Pty Ltd.,1,0,1
Kolon Life Science,1,0,1
"Kolosis Bio, LLC",1,0,1
KompanionCare SAS,1,0,1
Koneksa Health,1,0,1
Koning Corporation,1,0,1
Koralo GmbH,1,0,1
"Kortuc, Inc.",1,0,1
"KORU Medical Systems, Inc.",1,0,1
KOS Inc.,1,0,1
KTH Biopharma,1,0,1
Kupando GmbH,1,0,1
"KymaThera, Inc.",1,0,1
Kynexis B.V.,1,0,1
"Kyowa Hakko Bio Co., Ltd.",1,0,1
L.Molteni & C. dei F.lli Alitti-Soc. di Esercizio S.p.A.,1,0,1
"L2 Bio, LLC",1,0,1
Laboratoire de la Mer,1,0,1
Laboratoire Dermatologique ACM,1,0,1
Laboratoires Arkopharma,1,0,1
Laboratoires Expanscience S.A.,1,0,1
Laboratoires Quinton International S.L.,1,0,1
Laboratoires RIVADIS,1,0,1
Laboratoires Vivacy,1,0,1
Laboratorio Farmaceutico SIT srl,1,0,1
LABORATORIOS INDUFAR,1,0,1
Labplus Sp. z o.o.,1,0,1
Lactalis,1,0,1
"Lactea Therapeutics, LLC",1,0,1
"Laguna Biotherapeutics, Inc.",1,0,1
Lallemand Pharma AG,1,0,1
Lamassu Bio Inc,1,0,1
"Lanyue Biotech (Hangzhou) Co., Ltd.",1,0,1
Lapsi Health Holding B.V.,1,0,1
Larine C Corporation,1,0,1
"LARKSPUR BIOSCIENCES, INC.",1,0,1
Laser team Ltd,1,0,1
"Latticon Antibody Therapeutics, Inc",1,0,1
"LaunXP Biomedical Co., Ltd.",1,0,1
LCA Pharmaceutical,1,0,1
LDR Médical SAS,1,0,1
"Leadiant Biosciences, Inc.",1,0,1
"LEAF4Life, Inc.",1,1,1
LEBON PRODUTOS QUIMICOS E FARMACEUTICOS LTDA.,1,0,1
Lembas,1,0,1
Lenoss Medical,1,0,1
"LensGen, Inc.",1,0,1
LeonaBio,1,1,1
Letolab,1,0,1
Leucid Bio,1,0,1
Lexington Medical Inc.,1,0,1
LiangZou,1,0,1
Life Biosciences Inc.,1,0,1
Life Seal Vascular Inc.,1,0,1
LifeBiotic Medical Research Ltd.,1,0,1
Lifecord Otd,1,0,1
LifeMine Therapeutics,1,0,1
LifeOS Genomics Corporation,1,0,1
"LifeSprout, Inc.",1,0,1
"LifeWave, Inc.",1,0,1
"Lifordi Immunotherapeutics, Inc.",1,0,1
Light Chain Bioscience - Novimmune SA,1,0,1
"Lighthouse Pharmaceuticals, Inc.",1,0,1
LIMBER Prosthetics & Orthotics Inc,1,0,1
"LimFlow, Inc.",1,0,1
"Lin BioScience, Inc",1,0,1
"Linguaflex, Inc.",1,0,1
LinkBio Corp.,1,0,1
LinkoCare Life Sciences AB,1,0,1
Lionhealth Srl Società Benefit,1,0,1
"Lipidica, a.s.",1,0,1
Lirio,1,0,1
LISCure Biosciences,1,0,1
LiteVax BV,1,0,1
LiveKidney.Bio,1,0,1
Liveome Inc.,1,0,1
"Lixte Biotechnology Holdings, Inc.",1,0,1
Lmito Therapeutics Inc.,1,0,1
Locate Bio Ltd,1,0,1
Locate Bio Pty Ltd,1,0,1
Locus Biosciences,1,0,1
"Loki Therapeutics, Inc.",1,0,1
Longeveron Inc.,1,0,1
Longevity Biotech Australia Pty Ltd (subsidiary),1,0,1
"Longwood Pharmaceuticals (Hangzhou) Co., Ltd.",1,0,1
Lophora,1,0,1
"LTBIO Co., Ltd.",1,0,1
"LTZ Therapeutics, Inc.",1,0,1
Lukas Biomedical Inc.,1,0,1
Lumara Bio Oncologics GmbH,1,0,1
Lumendo AG,1,0,1
Lumina Pharmaceuticals Inc,1,0,1
Luminopia,1,0,1
LuminX,1,0,1
Lumos Diagnostics,1,0,1
Luna Diabetes,1,0,1
Lung Healing Technologies Inc,1,0,1
Lutroo Imaging LLC,1,0,1
"Luventix, Inc.",1,0,1
"Luxa Biotechnology, LLC",1,0,1
LVD Biotech S.L,1,0,1
LXO Group,1,1,1
"Lycia Therapeutics, Inc.",1,0,1
"LyGenesis, Inc.",1,0,1
"LyncBio Therapeutics Co., Ltd.",1,0,1
Lyv Healthcare,1,0,1
Lyv Life Inc. (dba: Cora),1,0,1
M2 Ingredients,1,0,1
"Mabpro, a.s.",1,0,1
MabQuest SA,1,0,1
"Mabscale, LLC",1,1,1
"Mabsoft Therapeutics (Shanghai) Co., Ltd.",1,0,1
Machine and Human Interaction,1,0,1
"Macro Biologics, Inc.",1,0,1
Mage Biologics,1,0,1
Magellan Stem Cells,1,1,1
Magentiq Eye LTD,1,0,1
Magic Health Inc. (d.b.a. Nolla Health),1,0,1
Magneto Thrombectomy Solutions,1,0,1
Mahzi Therapeutics,1,0,1
"Man and Science, SA",1,0,1
Mankind Pharma Limited,1,0,1
Maquet Cardiovascular,1,0,1
Margan Biotech,1,0,1
Marisse Masis-Solano,1,0,1
Mark Hurworth,1,0,1
"Marubeni Pharmaceuticals (Suzhou) Co., Ltd.",1,0,1
"Massive Bio, Inc.",1,0,1
"Matrix Biomed, Inc.",1,0,1
Maverix Medical,1,0,1
"MavriX Bio, LLC",1,0,1
"Maxinovel Pty., Ltd.",1,0,1
Maxivax SA,1,0,1
"MaxWell Clinic, PLC",1,0,1
MBQ Pharma,1,0,1
McNeel Eye Center,1,0,1
MEBSTER,1,0,1
Med2Measure,1,0,1
Medentum Innovations,1,0,1
Medicago,1,1,1
Medical Intelligence Group,1,0,1
"Medicaweb, S.A.C.V.",1,0,1
"Medicenna Therapeutics, Inc.",1,0,1
"Medicine Invention Design, Inc",1,1,1
Medicsensors S.L,1,0,1
Medicure,1,1,1
"Medigen, Inc.",1,0,1
Medigene AG,1,0,1
Medinice S.A.,1,0,1
Medira GmbH,1,0,1
"MediView XR, Inc.",1,0,1
Medley Therapeutics,1,0,1
Medneon,1,0,1
Medolution Ltd.,1,0,1
"MedPacto, Inc.",1,0,1
MedRegen LLC,1,0,1
Medtecx Co Ltd.,1,0,1
MedTrace Pharma A/S,1,1,1
MedVasc AB,1,0,1
Megalabs,1,1,1
"Meiji Co., Ltd.",1,0,1
Meiji Pharma USA Inc.,1,0,1
"Meitheal Pharmaceuticals, Inc.",1,0,1
MeKo Manufacturing e.K.,1,0,1
Mel Mont Medical,1,0,1
MELISA Institute Genomics & Proteomics Research SpA,1,0,1
Melius Pharma AB,1,0,1
"Melodi Health, Inc.",1,0,1
"Memgen, Inc.",1,0,1
"Mendaera, Inc",1,0,1
Mendus,1,0,1
Mentage LLC,1,0,1
Menwell Limited,1,0,1
Merakris Therapeutics,1,0,1
Merida Biosciences,1,0,1
"Meridigen Biotech Co., Ltd.",1,0,1
Mersana Therapeutics,1,0,1
Merz Aesthetics GmbH,1,1,1
Mestag Therapeutics Limited,1,0,1
MetaFines,1,0,1
metaX Institut fuer Diatetik GmbH,1,0,1
Metcela Inc.,1,1,1
Metrosan End. ve Elk. Mek. Cihazlar ve Tibbi Malz. San. Tic. Ltd. Co.,1,0,1
MGB Pharma,1,0,1
mHealth Systems Inc.,1,0,1
Micell Technologies,1,0,1
Microbio Co Ltd,1,0,1
"MicrobiotiX Co., Ltd",1,0,1
Microgen LLC,1,0,1
Microneedle Solutions Ltd,1,0,1
Microsure,1,0,1
"Microtech Medical Technologies, Ltd",1,0,1
"MicroTech Medical（Hangzhou）Co.,Ltd.",1,0,1
Microvisk Technologies Ltd,1,0,1
MicuRx,1,1,1
Mikrobiomik Healthcare Company S.L.,1,0,1
Mila Mend Inc.,1,0,1
Miller Biosciences LLC,1,0,1
"MiMARK Diagnostics, S.L.",1,0,1
"MiMedx Group, Inc.",1,0,1
MIMOSA Diagnostics Inc.,1,0,1
Mindmaze SA,1,0,1
"MindRhythm, Inc.",1,0,1
MindTension,1,0,1
Minerva Biotechnologies Corporation,1,0,1
Minerva Neurosciences,1,1,1
Mingge LLC,1,0,1
"MingSight Pharmaceuticals, Inc",1,0,1
Mintech Bio Ltd,1,0,1
"Miracle Biomedical Co., Ltd.",1,0,1
Mirai Medical,1,0,1
Mirvie,1,0,1
MitoImmune Therapeutics,1,0,1
Mitosynergy LLC,1,0,1
"Mitovation, Inc",1,0,1
Mitre Medical Corp.,1,0,1
MiWEndo Solutions S.L.,1,0,1
"MJN Neuroserveis, S.L",1,0,1
Mobile Health AG,1,0,1
"Mochida Medical USA, Inc.",1,0,1
Mode Sensors AS,1,0,1
"Modulation Therapeutics, Inc.",1,0,1
Moenie van der Kleyn,1,0,1
"Moleculin Biotech, Inc.",1,1,1
Momentis Surgical,1,0,1
Monath Electronic,1,0,1
MonTa Biosciences ApS,1,0,1
Montera Health Texas LLC,1,0,1
Monteris Medical,1,0,1
Monument Therapeutics Limited,1,0,1
"Moogene Medi Co., Ltd",1,0,1
Moon Surgical,1,0,1
"Moonlight Bio, Inc",1,0,1
"Moonlight Therapeutics, Inc.",1,0,1
Moonshot Antibodies,1,0,1
"Morair Medtech, LLC",1,0,1
Morphic Medical Inc.,1,0,1
MOSS S.p.A.,1,0,1
Mother's Milk is Best,1,0,1
MotilityCount aps,1,0,1
Move Up SAS,1,0,1
Mozart Therapeutics Australia Pty Ltd,1,0,1
MRIguidance B.V.,1,0,1
MRM Health NV,1,0,1
MSK Doctors & Associates Ltd,1,0,1
MSTATT LLC,1,0,1
"Mthera Pharma Co., Ltd.",1,0,1
MTI Biotech Inc,1,0,1
Multitude Therapeutics (Australia) Pty Ltd,1,0,1
Mumming,1,0,1
"Mural Oncology, Inc",1,0,1
"MuscleMetrix, LLC",1,0,1
MuseCell Innovations Pte LTD,1,0,1
my mhealth Ltd,1,0,1
MYNERVA AG,1,0,1
Mynerva Inc.,1,0,1
Myo Munchee (Operations) Pty Ltd,1,0,1
MyOme,1,0,1
"Myomed Technology (Shaoxing) Co., Ltd.",1,0,1
Myra Vision Inc.,1,0,1
"Myriad Genetic Laboratories, Inc.",1,0,1
Myricx Pharma Limited,1,0,1
Myrtelle Inc.,1,0,1
"N-Fold, LLC",1,0,1
Nalo Therapeutics Inc.,1,0,1
Nammi Therapeutics Inc,1,0,1
Nanjing Jingao biomidical technology Co. Ltd.,1,0,1
"Nanjing Shihejiyin Technology, Inc.",1,0,1
"Nanjing Yoko Biomedical Co., Ltd.",1,1,1
NanoAlvand,1,0,1
Nanobiotix,1,0,1
NanoEcho AB,1,0,1
"NanOlogy, LLC",1,0,1
"Nanopath, Inc",1,0,1
NanoPharmaceuticals LLC,1,0,1
"NanoRay Biotech Co., Ltd.",1,0,1
Nanordica Medical OU,1,0,1
Nantong Bencao Quadriga Medical Technology Co. Ltd.,1,0,1
NAOS Argentina S.A.,1,0,1
"Napo Pharmaceuticals, Inc.",1,1,1
"Napo Therapeutics, S.p.A.",1,0,1
Nasotrak Medical Pte Ltd,1,0,1
Nataliya Hrabarchuk,1,0,1
NATCO Pharma Ltd.,1,0,1
"National Cattlemen's Beef Association, a contractor to the Beef Checkoff",1,0,1
Natural Cycles,1,0,1
Nature Cell Co. Ltd.,1,1,1
Navamedic AB,1,0,1
Navari Surgical AB,1,0,1
Navigantis Inc.,1,0,1
NC Medial Research Inc,1,0,1
NCBJ Polatom: Narodowe Centrum Badań Jądrowych Polatom,1,0,1
nChroma Bio,1,0,1
NE Scientific INC,1,0,1
NEC OncoImmunity AS,1,0,1
Nectin Therapeutics Ltd,1,0,1
Neela Therapeutics,1,0,1
"Nefro Avillion Clinical Development, LLC",1,0,1
Neo Medical SA,1,0,1
Neofunction d.o.o.,1,0,1
Neogap Therapeutics AB,1,0,1
Neola Medical Inc,1,0,1
Neolys,1,0,1
"Neomorph, Inc",1,0,1
Neopharm Bulgaria Ltd.,1,0,1
NeoteriQ Ltd.,1,0,1
NeoTX Therapeutics Ltd.,1,0,1
Neowise Biotechnology,1,0,1
nephCentric,1,0,1
Nephronyx LTD,1,0,1
NephroSant,1,0,1
Nerviano Medical Sciences (Shanghai) Ltd.,1,0,1
Nervonik,1,0,1
Nest Genomics,1,0,1
"Nested Therapeutics, Inc",1,0,1
NETRIS Pharma,1,0,1
"Neuboron Bio-SciTech Co., Ltd.",1,0,1
NeuFit - Neurological Fitness and Education,1,0,1
NeuGATE Theranostics,1,0,1
NeuHyll AUS Pty Ltd,1,0,1
"Neukio Biotherapeutics (Shanghai) Co., Ltd.",1,0,1
Neumous Inc.,1,0,1
"Neuracle Science Co., LTD.",1,0,1
Neurala Biosciences,1,0,1
Neuramedy Co. Ltd.,1,0,1
Neuraptive Therapeutics Inc.,1,1,1
"Neuregen Therapeutics Co., Ltd.",1,0,1
Neurimmune AG,1,0,1
"Neuro-Eye Diagnostic Systems, LLC",1,0,1
NeuroAEye LLC,1,0,1
"Neurobehavioral Systems, Inc.",1,0,1
Neurobiologix,1,0,1
NeuroBo Pharmaceuticals Inc.,1,0,1
Neurocentrx Pharma Pty Ltd,1,0,1
"Neurocytonix, Inc.",1,0,1
"NeuroEM Therapeutics, Inc.",1,0,1
"NeuroEnergy Ventures, Inc.",1,0,1
Neurogen Biomarking LLC,1,0,1
NeuroGenesis Ltd.,1,0,1
Neurogrin Inc.,1,0,1
NeuroGT,1,0,1
NeuroIntact Inc.,1,0,1
neuroloop GmbH,1,0,1
NeuroOne Medical Technologies Corporation,1,0,1
Neuropix,1,0,1
NeurOptics Inc,1,0,1
NeuroQore Inc.,1,0,1
"NeuroRx, Inc.",1,1,1
"Neuros Medical, Inc.",1,0,1
Neurosterix,1,0,1
Neurotechnika,1,0,1
"NeuroTherapia, Inc.",1,0,1
NeuroTrainer,1,0,1
Neurotrigger Ltd,1,0,1
Neurotype Inc.,1,0,1
Neuroventi Inc.,1,0,1
"NeuroXess Technology (shanghai) Co.,Ltd.",1,0,1
Neursantys Inc,1,0,1
Neutrolis,1,0,1
"Neutron Therapeutics, LLC",1,0,1
"New Cancer Cure-Bio Co.,Ltd.",1,0,1
New Phase Ltd.,1,0,1
Newron Pharmaceuticals SPA,1,1,1
Newronika,1,0,1
"Newsoara HYK Biopharmaceutical (Shanghai) Co., Ltd.",1,0,1
Nexalin Technology,1,0,1
NexImmune Inc.,1,0,1
Next Science TM,1,0,1
NextCell Pharma Ab,1,0,1
NEXTGEN Bioscience,1,0,1
"Nextrast, Inc.",1,0,1
NextStep Robotics Inc.,1,0,1
NGGT INC.,1,0,1
NGMedical GmbH,1,0,1
Nikegen Pharmaceutical (Hangzhou) Company Limited,1,0,1
Nilocas,1,0,1
Nimble Diagnostics S.L.,1,0,1
"Nimbus Saturn, Inc.",1,0,1
"Nimbus Wadjet, Inc.",1,0,1
NinaMED Pty Ltd,1,1,1
"NingBo Junyan Hongshi Biosciences Co., Ltd",1,1,1
"Nippon Shinyaku Co., Ltd.",1,0,1
"Nippon Sigmax co., ltd.",1,0,1
"Nipro Vascular Innovations Americas, Inc",1,0,1
NIRSense Inc.,1,0,1
Nitinotes Surgical Ltd.,1,0,1
"Nob Hill Therapeutics, Inc.",1,0,1
Nobles Medical Technologies II Inc,1,0,1
Nocion Therapeutics,1,0,1
"Noctem, LLC",1,0,1
NoNO Inc.,1,0,1
Noom Inc.,1,0,1
Noorik Biopharmaceuticals AG,1,0,1
Norbert Health,1,0,1
Nordberg Medical Italy srl,1,0,1
Norgine,1,1,1
"Normunity AccelCo, Inc.",1,0,1
"North Shore Therapeutics, Inc.",1,0,1
NorthSea Therapeutics B.V.,1,0,1
Notal Vision Inc.,1,0,1
Notos Medical Limited,1,0,1
Noucor Health S.A.,1,0,1
Nouscom SRL,1,0,1
Nova Laboratories Limited,1,0,1
Nova Therapeutics LLC,1,0,1
Nova Vita Laboratory,1,0,1
Novabio Therapeutics,1,0,1
"NovaOnco Therapeutics Co., Ltd.",1,0,1
NovaResp Technologies Inc,1,0,1
NovaSight,1,0,1
Novastep,1,0,1
"Novelty Nobility, Inc.",1,0,1
"Noveome Biotherapeutics, formerly Stemnion",1,0,1
Novesia,1,0,1
Novian Health Inc.,1,0,1
"Novomics. Co., Ltd.",1,0,1
NovoNatum Ltd,1,0,1
Novostia SA,1,0,1
Nowwell AS,1,0,1
NOXELIS,1,0,1
"NOxy Health Products, LLC",1,0,1
NRT MedTech Australia Pty Ltd,1,0,1
NSC-Therapeutics,1,0,1
Nterica Bio inc,1,0,1
Nuance Hearing,1,1,1
"Nucleo Research, Inc.",1,0,1
Nucleus Genomics Inc.,1,0,1
Nuevocor Pte. Ltd.,1,0,1
Nunaps Inc,1,0,1
Nura Bio,1,0,1
NuSirt Biopharma,1,0,1
Nutraceutical Innovations LLC,1,0,1
Nutricia Nutrition Clinique,1,0,1
Nutris We Care About You S.L.,1,0,1
"Nutrisol, LLC",1,0,1
"Nutrition 21, Inc.",1,0,1
"Nutshell Therapeutics (Shanghai) Co., LTD.",1,0,1
Nuvana Healthcare LTD,1,0,1
Nuvascular Inc,1,0,1
Nvision Laser Eye Centers,1,0,1
NVMedTech,1,0,1
NVP Healthcare,1,0,1
Nykode Therapeutics ASA,1,0,1
"Nyra Medical, Inc.",1,0,1
Nyrada Pty Ltd,1,0,1
Nyree Penn,1,0,1
Nyxoah Inc.,1,0,1
O-Kidia,1,0,1
"O&D BioTech Group CO., Limited",1,0,1
oasicare ApS,1,0,1
"Oblato, Inc.",1,0,1
"Obsidian Therapeutics, Inc.",1,0,1
Octane Innovation Inc.,1,0,1
"Octant, Inc.",1,0,1
"OcuDyne, Inc.",1,0,1
Ocugenix Corporation,1,0,1
"Oculogica, Inc.",1,0,1
Oculox Technologies SA,1,0,1
Ocumedex,1,0,1
"Ocumension Therapeutics (Suzhou) Co., Ltd",1,1,1
Ocus Innovation Ireland Limited,1,1,1
"Ocusun Ophthalmic Pharmaceutical (Guangzhou) Co., Ltd.",1,0,1
OD-OS MacuTherm GmbH,1,0,1
ODI Medical AS,1,0,1
"Odyssey Therapeutics, Inc.",1,0,1
OHB Neonatology Ltd.,1,0,1
OHB Pediatrics Ltd.,1,1,1
OHH-MED Medical Ltd,1,0,1
Oils4Cure,1,1,1
"Okami Medical, Inc.",1,0,1
Okyo Pharma Ltd,1,1,1
"Olatec Therapeutics, Inc.",1,1,1
"Olfactive Biosolutions, Inc.",1,0,1
"Oligomerix, Inc",1,0,1
OMass Therapeutics Australia Proprietary Ltd,1,0,1
Omikron Italia S.r.l.,1,1,1
OmniVision GmbH,1,0,1
Omnix Medical Ltd,1,0,1
On Dent Tibbi Malzeme Dis Protez Ith. ve Ihr. San. Ltd. Sti.,1,0,1
"On Target Laboratories, LLC",1,0,1
"On-X Life Technologies, Inc.",1,0,1
Onchilles Pharma Inc,1,0,1
OncoBeta Therapeutics,1,0,1
Oncodesign Precision Medicine,1,0,1
Oncoliq US Inc,1,0,1
Oncomedics,1,0,1
"OncoNano Medicine, Inc.",1,0,1
Oncorena AB,1,0,1
"OncoResponse, Inc.",1,0,1
Oncosyne AS,1,0,1
"OncoTherapy Science, Inc.",1,0,1
OncoZenge AB,1,1,1
"OnCusp Therapeutics, Inc.",1,0,1
One-carbon Therapeutics AB,1,0,1
OneChain Immunotherapeutics,1,0,1
Onecrea Medical Inc.,1,0,1
"OnKure, Inc.",1,0,1
ONL Therapeutics,1,0,1
OnPoint Vision Inc,1,0,1
"Onward Health, Inc",1,0,1
"ONWARD Medical, Inc.",1,0,1
Onward Therapeutics,1,0,1
ONY,1,1,1
Onyx Axiom,1,0,1
"Oorja Bio, Inc.",1,0,1
Ophiomics,1,0,1
Ophtec BV,1,0,1
OpiAID,1,0,1
Opna Bio LLC,1,0,1
Optheras AS,1,0,1
Optimal Acuity Corporation,1,0,1
"Optimal Mobility, Inc",1,0,1
Optithera,1,0,1
"OptymEdge, LLC",1,0,1
"ORA, Inc.",1,0,1
"Oragenics, Inc.",1,0,1
"Oramed, Ltd.",1,1,1
Orano Med LLC,1,0,1
"Orano Med Theranostics, SAS",1,0,1
"Orbus Therapeutics, Inc.",1,0,1
Orchid Pharma Europe GmbH,1,0,1
Orchidia pharmaceutical Industries,1,0,1
"Organ Recovery Systems, Inc.",1,0,1
ORGANOIDSCIENCES LTD.,1,0,1
"OrganTech, Inc.",1,0,1
"Orient Europharma Co., Ltd.",1,0,1
Orivian inc,1,0,1
ORIXHA,1,0,1
"Orna Therapeutics, Inc.",1,0,1
Orteq Sports Medicine,1,0,1
Ortho Development Corporation,1,0,1
"Orthocare Innovations, LLC",1,0,1
"OrthoFundamentals, LLC",1,0,1
OrthoFX,1,0,1
Orthomol Pharmazeutische Vertiebs GmbH,1,0,1
"OrthoTrophix, Inc",1,0,1
"Orum Therapeutics USA, Inc.",1,0,1
"Osel, Inc.",1,0,1
OssDsign,1,0,1
ÖSSUR France,1,0,1
"OsteoRemedies, LLC",1,0,1
OsteoscanUK Ltd,1,0,1
Oticara Australia PTY LTD,1,0,1
Ottimo Pharma Limited,1,0,1
Otto Bock HealthCare LP,1,0,1
OurRelationship,1,0,1
"Outliers, Inc.",1,0,1
"Ovation.io, Inc.",1,0,1
"Overseas Pharmaceuticals, Ltd.",1,1,1
Overture Life,1,0,1
Ovesco Endoscopy AG,1,0,1
OX2 Therapeutics,1,0,1
Oxford Biodynamics Inc.,1,0,1
"Oxford Biomedical Technologies, Inc.",1,0,1
Oxford BioTherapeutics Ltd,1,0,1
Oxford Vacmedix UK Ltd.,1,0,1
Oxion Biologics AB,1,0,1
"Pacagen, Inc.",1,0,1
Pacylex Pharmaceuticals,1,0,1
Paean Biotechnology Inc.,1,0,1
Pamgene International B.V.,1,0,1
"Panafina, Inc.",1,0,1
"Panbela Therapeutics, Inc.",1,1,1
Pangea Laboratory LLC,1,0,1
PanTher Therapeutics,1,0,1
Panthera Dental Inc.,1,0,1
Paola Pisani,1,0,1
Papillex Inc.,1,0,1
"Parabilis Medicines, Inc.",1,0,1
Paradigm Biopharmaceuticals Ltd.,1,1,1
Paradigm Biopharmaceuticals USA (INC),1,1,1
Paradigm Health,1,0,1
Paradromics,1,0,1
Paragon 28,1,0,1
ParagonClinicals Inc.,1,0,1
"ParaNano, Inc.",1,0,1
"Parr Biotechnology (Hebei) Co., Ltd.",1,0,1
Pascoe Pharmazeutische Praeparate GmbH,1,0,1
"Passage Bio, Inc.",1,0,1
PatenSee Ltd.,1,0,1
"PATH EX, Inc.",1,0,1
Pathfinder Medical,1,0,1
Pathios Therapeutics Pty Ltd,1,0,1
PathMaker Neurosystems Inc.,1,0,1
"Pathos AI, Inc.",1,0,1
Pauli Ohukainen,1,0,1
PDC*line Pharma SAS,1,0,1
PDFE Pharma Innovations FZCO,1,0,1
PEACHES BIOTECH,1,0,1
"Pearsanta, Inc",1,0,1
PECA Labs,1,0,1
PediaStent LLC,1,0,1
Peel Therapeutics Inc,1,0,1
Pendulum Therapeutics,1,0,1
Peptilogics,1,1,1
Peptinov SAS,1,0,1
Peptomyc S.L.,1,0,1
Perception Dynamics Institute,1,0,1
"Perceptive Technologies, Inc",1,0,1
Periotrap Pharmaceuticals GmbH,1,0,1
"Permed Biomedical Engineering Co., Ltd",1,0,1
Permedica spa,1,0,1
Perrigo CSCI,1,0,1
Persevere Therapeutics Inc.,1,0,1
Personalis Inc.,1,0,1
pfm medical gmbh,1,0,1
PG Medical Systems Ltd.,1,0,1
PGP Health,1,0,1
Phagenix,1,0,1
pharmaand GmbH,1,1,1
Pharmacyclics Switzerland GmbH,1,0,1
PharmaEssentia Japan K.K.,1,1,1
PharmaIN,1,0,1
"PharmaJet, Inc.",1,0,1
Pharmalyte Solutions LLC,1,0,1
Pharmosa Biopharm Inc.,1,0,1
"Pharosgen Co.,Ltd",1,0,1
"Pharus Taiwan, Inc.",1,0,1
Pheast Therapeutics,1,0,1
Phenomix Sciences,1,0,1
"PhenoNet, Inc.",1,0,1
phenox Inc.,1,0,1
Phoenix Molecular Designs,1,0,1
Phost'In Therapeutics,1,0,1
Photofuse Pty Ltd,1,0,1
"PhotoniCare, Inc.",1,0,1
"PhotonPharma, Inc.",1,0,1
"Photozig, Inc.",1,0,1
"Phraxis, Inc.",1,0,1
Physip S.A,1,0,1
"PICO IV, Inc.",1,0,1
"Pieris Pharmaceuticals, Inc.",1,0,1
Pierre Fabre Ltd,1,0,1
"Piezo Therapeutics, Inc.",1,0,1
"Pikavation Therapeutics, Inc.",1,0,1
Pilatus Biosciences Inc,1,0,1
PINER Pastor Manfredi Winery,1,0,1
"PinkDx, Inc.",1,0,1
Piomic Medical,1,0,1
Plans4Care Inc,1,0,1
PlaqueTec Ltd,1,0,1
Plasana Medical,1,0,1
"PleoPharma, Inc.",1,1,1
"Pleural Dynamics, Inc.",1,0,1
"Plexium, Inc.",1,0,1
PLL TX AUSTRALIA PTY LTD,1,0,1
PLT Health Solutions,1,0,1
PLU Ophthalmic,1,0,1
Pluto Inc.,1,0,1
"Poisera, Inc.",1,0,1
PolarityTE,1,1,1
Pollogen,1,0,1
Polpharma Biologics International AG,1,0,1
PolTREG S.A.,1,0,1
Poly Medicure Limited,1,0,1
PolyNovo Biomaterials Pty Ltd.,1,0,1
Polyrizon Ltd.,1,0,1
"Ponsky Facial Aesthetics And Plastic Surgery, Llc",1,0,1
Pop Test Oncology LLC,1,0,1
Portage Biotech,1,0,1
"Portal Diabetes, Inc.",1,0,1
Potrero Medical,1,0,1
Poulet Geoffroy,1,0,1
Pramand LLC,1,0,1
"PRD Therapeutics, Inc.",1,0,1
Precia Group,1,0,1
Precise Bio,1,0,1
"Precise Dx, Inc.",1,0,1
"Precision Biologics, Inc",1,0,1
Precision IO Group,1,0,1
"Precisis US, Inc.",1,0,1
Precordior Ltd,1,0,1
Predict4Health,1,0,1
"Predictheon Medical, S.L.",1,0,1
"PreemptiveAI, Inc",1,0,1
"Prescient Medicine Holdings, Inc.",1,0,1
"Prescient Therapeutics, Ltd.",1,0,1
Prima Mente,1,0,1
Primelink BioTherapeitics(ShenZhen) Limited,1,0,1
"Primmune Therapeutics, Inc.",1,0,1
Priothera SAS,1,1,1
Privo Technologies,1,1,1
Proactive Life Inc,1,0,1
Probelte Pharma S.L.U.,1,0,1
Probi AB,1,0,1
Procyrion,1,0,1
"Prodeon Medical, Inc",1,0,1
"Profusa, Inc.",1,0,1
"Progenerative Medical, Inc",1,0,1
Progentos Therapeutics,1,0,1
ProJenX,1,0,1
Prokarium Ltd,1,0,1
"Prokrea BCN, S.L.",1,1,1
Prolacta Bioscience,1,0,1
"Prolium Bioscience, Inc",1,0,1
Promedius Inc,1,0,1
"ProMis Neurosciences, Inc",1,0,1
Proniras Corporation,1,0,1
"Propedix, Inc.",1,0,1
"Prostasis, LLC, dba Tonum Health",1,0,1
Protalix,1,0,1
ProteinQure Inc.,1,0,1
Proteor Group,1,0,1
"Protexa Endovascular, Inc.",1,0,1
Prothya Biosolutions,1,0,1
"Proviva Therapeutics, Inc.",1,0,1
"Proxima Health, Inc.",1,0,1
"Psicofarma, S.A. De C.V.",1,1,1
Psivac Ltd,1,0,1
Psyence Australia Pty Ltd,1,0,1
PsyScale,1,0,1
PT. JES Kasih Nusantara Sejahterah,1,0,1
"Pulmotect, Inc.",1,0,1
"Pulnovo Medical, Inc.",1,0,1
Pulse Wave USA,1,0,1
Pure Biologics S.A.,1,0,1
Purespring Therapeutics Limited,1,0,1
Qanatpharma AG,1,0,1
Qifeng Zhang,1,0,1
QT Ultrasound LLC,1,0,1
Qu Biologics Inc.,1,0,1
"Qualigen Theraputics, Inc.",1,0,1
Quanovate Tech Inc.,1,0,1
Quantec Ltd,1,0,1
Quercis Pharma AG,1,1,1
Quetzal Therapeutics,1,1,1
QuickSilver Scientific,1,0,1
Qurasense,1,0,1
Quratis Inc.,1,0,1
Qurgen Inc.,1,0,1
Qwince Innovation S.r.l.,1,0,1
R1 Therapeutics,1,0,1
R3 Medical Research,1,0,1
Racura Oncology Ltd,1,0,1
"RadAlliance Therapeutics, Inc",1,0,1
Radiobotics,1,0,1
"Radiomedix, Inc.",1,0,1
RANI Therapeutics,1,0,1
Ranok Therapuetics Co. Ltd.,1,0,1
Raphael Pharma,1,0,1
"RapidPulse, Inc",1,0,1
Rarecells Diagnostics SAS,1,0,1
"RasCal Therapeutics, Inc.",1,0,1
Raylution AG,1,0,1
Razor Genomics,1,0,1
Rea Diagnostics SA,1,0,1
"ReacX Pharmaceuticals, Inc.",1,0,1
ReadyCure Inc.,1,0,1
Rebel Medicine Inc,1,0,1
ReBio Pharma,1,0,1
"ReCellience15, Inc",1,0,1
"Recens Medical, Inc.",1,0,1
Recornea Srl,1,0,1
Recurv Pharma Inc,1,0,1
Red de Terapia Celular,1,0,1
"Red Nucleus Enterprise Solutions, LLC",1,0,1
"ReEmerge, Inc.",1,0,1
"Rege Nephro Co., Ltd.",1,0,1
Regenera Activa Worldwide S.L.,1,0,1
"Regenerative Patch Technologies, LLC",1,0,1
RegenLab France SAS,1,0,1
REGEnLIFE SAS,1,0,1
Rein Therapeutics,1,0,1
Reinhold Vieth,1,0,1
Rejuvaskin,1,0,1
Rekovar Inc.,1,0,1
Relief srl,1,0,1
Remedy,1,0,1
"Remedy Plan, Inc.",1,0,1
Renaissance Pharma Ltd.,1,1,1
Renata PLC,1,0,1
"Rendever, Inc.",1,0,1
ReNeuron Limited,1,0,1
"Renovion, Inc.",1,1,1
"Renovo Concepts, Inc.",1,0,1
Reparel,1,0,1
Repertoire Immune Medicines,1,0,1
Replasia BV,1,0,1
ReproNovo Aps,1,0,1
Research Institute of Geroprotective Technologies,1,0,1
Resolve Therapeutics,1,0,1
Resonova (Shanghai) Medtech Limited,1,0,1
RespirAI US Inc,1,0,1
"Restera, Inc.",1,0,1
Restore Medical Ltd,1,0,1
Retinal Care Inc.,1,0,1
"RetMap, Inc",1,0,1
Reus Research,1,0,1
"REVA Medical, Inc.",1,0,1
"Revagenix, Inc.",1,0,1
Reviva Pharmaceuticals,1,1,1
Revive Active,1,0,1
"ReVivo Medical, Corp.",1,0,1
"Rezubio Pharmaceuticals Co., Ltd.",1,0,1
Rgenta Therapeutics Inc,1,0,1
Rheon Medical SA,1,0,1
Rhizen Pharmaceuticals SA,1,0,1
RhoVac APS,1,0,1
Ria Health,1,0,1
"Ribotek Biopharmaceuticals (Shandong) Co., Ltd",1,0,1
"Ricoh USA, Inc.",1,0,1
RIGImmune Inc.,1,0,1
Rinri Therapeutics,1,0,1
Rinsada,1,0,1
"RinuaGene Biotechnology Co., Ltd.",1,0,1
"Rivanna Medical, Inc.",1,0,1
River 3 Renal Corp.,1,0,1
Rivermark Medical,1,0,1
Riverpoint Medical,1,0,1
Rna Diagnostics Inc.,1,0,1
RNATICS GmbH,1,0,1
Robert Pickett,1,0,1
Robertet SA,1,0,1
RobotDreams GmbH,1,0,1
Robovision BV,1,0,1
Rodenstock GmbH,1,0,1
ROELMI HPC,1,0,1
"Rohto Pharmaceutical Co., Ltd.",1,0,1
ROKIT Healthcare,1,0,1
"ROM Technologies, INC",1,0,1
Roman Health Ventures Inc.,1,0,1
Rondo Therapeutics,1,0,1
"Rongchang Pharmaceuticals Co., Ltd.",1,0,1
"Rophibio, Inc.",1,1,1
Roquette Freres,1,0,1
Rottapharm Biotech,1,0,1
"Route 92 Medical, Inc.",1,0,1
Royal Biologics,1,0,1
"Rubedo Life Sciences, Inc.",1,0,1
"Ruitherapeutics Co., LTD",1,0,1
"RVL Pharmaceuticals, Inc.",1,1,1
"RyCarma Therapeutics, Inc.",1,0,1
"S-INFINITY Pharmaceuticals Co., Ltd",1,0,1
S.I.I.T. Srl,1,0,1
S&Ebio Co. Ltd.,1,0,1
"SAb Biotherapeutics, Inc.",1,0,1
SAE Orthopedics,1,0,1
SafeBVM,1,0,1
Sairopa B.V.,1,0,1
"Saladax Biomedical, Inc.",1,0,1
"Salarius Pharmaceuticals, LLC",1,0,1
Salspera LLC,1,0,1
Salutare Group Ltd.,1,0,1
"Salutaris Medical Devices, Inc.",1,1,1
"SamA Pharmaceutical Co., Ltd",1,0,1
SamanTree Medical SA,1,0,1
"Samsung Pharmaceutical Co., Ltd.",1,1,1
Samuel Fortin,1,0,1
Sanguine Biosciences,1,0,1
Sanmai Technologies PBC dba Sanmai,1,0,1
Sano Chemicals Inc,1,0,1
Santa Ana Bio,1,0,1
Santersus AG,1,0,1
Sanzyme Biologics Private Limited,1,0,1
Sapna Vyas,1,0,1
Saptalis Pharmaceuticals LLC,1,0,1
SAPU NANO (US) LLC,1,0,1
Sara Peterson-Snyder,1,0,1
SAVA Technologies Ltd.,1,0,1
SCAI Therapeutics,1,0,1
Scaled Insights,1,0,1
ScandiBio Therapeutics AB,1,1,1
Scarcell Therapeutics S.A.S.,1,0,1
"Scarless Laboratories, Inc.",1,0,1
SCBIO Inc.,1,0,1
"Scientific Center for Anti-infectious Drugs, Kazakhstan",1,0,1
SciNeuro,1,0,1
Scion NeuroStim,1,0,1
SciRhom GmbH,1,0,1
SciVision Biotech Inc.,1,0,1
"SCM Lifescience Co., LTD.",1,0,1
Scott Getsoian,1,0,1
ScreenCell,1,0,1
"SeaSpine, Inc.",1,0,1
Seattle Project Corporation,1,1,1
Second Life Therapeutics,1,0,1
Second Sight Medical Products,1,0,1
Secretome Therapeutics,1,0,1
"SEED Therapeutics, Inc.",1,0,1
Seismic Pharmaceuticals Operations LLC,1,1,1
Select Eye Care,1,0,1
Semler Scientific,1,0,1
"Semnur Pharmaceuticals, Inc.",1,1,1
"Senju USA, Inc.",1,0,1
"Sense Diagnostics, LLC",1,0,1
"Senseye, Inc.",1,1,1
Sensimed AG,1,0,1
SensoDetect,1,0,1
Sensor Technology for Deafblind,1,0,1
"Sensory Cloud, Inc.",1,0,1
Sensydia Corporation,1,0,1
Senti Biosciences,1,0,1
"Sentynl Therapeutics, Inc.",1,0,1
Sequential Medicine Ltd,1,0,1
Sequitur Health Corp.,1,0,1
"Sera Prognostics, Inc.",1,0,1
"Serene Sleep, Inc.",1,0,1
"Serenity Medical, Inc.",1,0,1
Serina Therapeutics,1,0,1
Sernova Biotherapeutics Inc.,1,0,1
"Shaanxi Giant Biotechnology Co., Ltd",1,0,1
"Shandong Branden Med.Device Co.,Ltd",1,0,1
"Shandong Qilu Stem Cells Engineering Co., Ltd.",1,0,1
Shanghai AB PharmaTech Ltd.,1,0,1
"Shanghai Bomaian Medical Technology Co., Ltd",1,0,1
Shanghai Cingularbio Co. Ltd,1,1,1
"Shanghai CureGene Pharmaceutical Co., Ltd.",1,0,1
"Shanghai Dynaheart Medtech Co., Ltd.",1,0,1
"Shanghai EmayGene Technology Co., Ltd",1,0,1
"Shanghai Epiprobe Biotechnology Co., Ltd.",1,0,1
"Shanghai Euhearing Therapeutics Co., Ltd",1,0,1
Shanghai Exuma Biotechnology Ltd.,1,0,1
"Shanghai Guangsheng Biopharmaceutical Co., Ltd",1,0,1
"Shanghai HeartEpoch Medical Technology Co., Ltd",1,0,1
"Shanghai Helioson Pharmaceutical Co., Ltd.",1,0,1
"Shanghai Hongdian Medical CO., LTD",1,0,1
"Shanghai Huicun Medical Technology Co., Ltd.",1,0,1
"Shanghai HyaMab Biotech Co.,Ltd.",1,0,1
"Shanghai JunTop Biosciences Co., LTD",1,0,1
"Shanghai Mabgen Biopharmaceutical Technology Co., Ltd.",1,0,1
"Shanghai Mianyi Biopharmaceutical Co., Ltd.",1,0,1
"Shanghai NK Cell Technology Co., LTD",1,0,1
"Shanghai Novamab Biopharmaceuticals Co., Ltd.",1,0,1
Shanghai Peptidstar Therapeutics Limited,1,0,1
"Shanghai PerHum Therapeutics Co., Ltd.",1,0,1
Shanghai Pushi Medical Science Co. Ltd,1,0,1
"Shanghai QuietD Biotechnology Co., Ltd.",1,0,1
"Shanghai Refreshgene Technology Co., Ltd.",1,0,1
"Shanghai Ruiliyuan Biotechnology Co., Ltd.",1,0,1
Shanghai Ruiwei Digital Technology Co. Ltd.,1,0,1
Shanghai Salvectors Biotechnology LTD.,1,0,1
"Shanghai SciBrunch Therapeutics Co., Ltd.",1,0,1
"Shanghai Shangyang Medical Technology Co., Ltd.",1,0,1
"Shanghai Shineyo Medical Co., Ltd.",1,0,1
Shanghai Siponuoyin Biotechnology Co Ltd,1,0,1
"Shanghai Teyi Yinuo Health Technology Co., Ltd.",1,0,1
"Shanghai TTM-Bio Technology Co., Ltd",1,0,1
"Shanghai United Cell Biotechnology Co., Ltd",1,0,1
"Shanghai Vision Science Engineer Medical Equipment Co., Ltd",1,0,1
"Shanghai World Leader Pharmaceutical Co., Ltd.",1,0,1
"Shanghai Xitaili Biomedicine Technology co., Ltd.",1,0,1
"Shanghai Yizhong Pharmaceutical Co., Ltd.",1,1,1
"Shanghai Yuguan Biotech Co., Ltd.（Delonix Bioworks)",1,0,1
"Shanghai Yuyao Biotech Co., Ltd.",1,0,1
"Shanghai Zhongze Therapeutics Co., Ltd.",1,0,1
ShanShan Li,1,0,1
SharpTx,1,0,1
Shawn Talbott,1,0,1
"Shenzhen Beike Bio-Technology Co., Ltd.",1,0,1
"Shenzhen Bihe Medical Co., Ltd",1,0,1
ShenZhen Cell Valley,1,0,1
"Shenzhen Hepalink Pharmaceutical Group Co., Ltd.",1,0,1
"Shenzhen Lifevalve Medical Scientific Co., Ltd.",1,0,1
"Shenzhen MingSight Relin Pharmaceuticals Co., Ltd.",1,0,1
"Shenzhen NewDEL Biotech, Co., Ltd",1,0,1
"Shenzhen Oculgen Biomedical Technology Co., Ltd.",1,1,1
"Shenzhen Tonglu Technology Co., Ltd",1,0,1
Shenzhen Xinhe Biomedical,1,0,1
"SHINKEI Therapeutics, Inc",1,0,1
ShiraTronics,1,0,1
Shoulder Innovations,1,0,1
Shunmei Medical,1,0,1
SHY Therapeutics,1,0,1
"SiBionics, Co, Ltd",1,0,1
"Sichuan Clover Biopharmaceuticals, Inc.",1,0,1
Sichuan Huiyang Life Science and Technology Corporation,1,0,1
"Sichuan Kelun Pharmaceutical Co.,Ltd.",1,0,1
"Sichuan Kelun Pharmaceutical Research Institute Co., Ltd.",1,0,1
Siddhey LLC,1,0,1
Sidekick Health,1,0,1
Sierra Medical Ltd.,1,0,1
Sierra Valve LLC,1,0,1
Sight Intelligence Engineering Corporation,1,0,1
Signal Relief,1,0,1
Signet Therapeutics,1,0,1
"SignPath Pharma, Inc.",1,0,1
Signum Surgical USA Inc.,1,0,1
Silence Therapeutics plc,1,0,1
Sim&Cure,1,0,1
"Simcha IL-18, Inc.",1,0,1
"Simply Plus Co., Ltd.",1,0,1
"Sinaptica Therapeutics, Inc.",1,0,1
Sinclair Pharmaceuticals Limited,1,0,1
"SineuGene Therapeutics Co., Ltd.",1,0,1
Sinfatin S.L,1,0,1
"Singlomics Biopharmaceuticals Zhuhai Co., Ltd.",1,0,1
"Singula Health, Inc.",1,0,1
"Singular Wings Medical Co., Ltd.",1,0,1
Singulera Therapeutics Inc.,1,0,1
SIPO Biotechnology Co. Ltd.,1,0,1
SIPPA Solutions INC,1,0,1
"Sirio Pharma Co., Ltd",1,0,1
Sirius Medical Systems B.V.,1,0,1
siRNAgen Therapeutics Inc.,1,0,1
"SIRPant Immunotherapeutics, Inc.",1,0,1
Sirt3 LLC,1,0,1
Sitryx Therapeutics Ltd,1,0,1
"SK Plasma Co., Ltd.",1,1,1
SKIA Inc.,1,0,1
Skin Tech Pharma Group S.L.U.,1,0,1
Skribe Medical,1,0,1
Sky Labs,1,0,1
Skylark Bio Inc.,1,0,1
Skyline Therapeutics,1,0,1
Skyline Therapeutics (US) Inc.,1,0,1
"SleepDev, Inc",1,0,1
Sleepnet Corporation,1,0,1
Slingshot AI,1,0,1
"Slow Wave, Inc.",1,0,1
Smart Breast Corp.,1,0,1
Smart Immune SAS,1,0,1
Smartwise Sweden AB,1,0,1
Smith & Nephew Pte Ltd,1,0,1
SMSbiotech,1,0,1
Snipe Medical,1,0,1
SNIPR Biome Aps.,1,0,1
Sobet AG,1,0,1
SocialRx Inc,1,0,1
Societe ACTIVBIOMAT,1,0,1
SOIK Corporation Sarl,1,0,1
"Solenic Medical, Inc.",1,0,1
"Solo Pace, Inc.",1,0,1
"Solstice Oncology, Inc.",1,0,1
Solsys Medical LLC,1,0,1
"Solu Therapeutics, Inc",1,0,1
Solventum Orthodontics Corporation,1,0,1
Somagenetix AG,1,0,1
Sonara Health,1,0,1
Songqi Gao,1,0,1
SonoClear AS,1,0,1
SonoHL,1,0,1
"Sonorous NV, Inc",1,0,1
Sooma Medical Inc,1,0,1
Sophia Genetics SAS,1,0,1
Sophysa,1,0,1
Sotio Biotech Inc.,1,0,1
"Soufflé Therapeutics, Inc.",1,0,1
Sound Blade Medical Inc.,1,0,1
"Sound Wave Innovation CO., LTD.",1,1,1
soundBrilliance LLC,1,0,1
SoundHeal,1,0,1
Sovargen,1,0,1
SP Nutraceuticals Inc.,1,0,1
Spago Nanomedical AB,1,0,1
Spark Neuro Inc.,1,0,1
SPCTR,1,0,1
SPD Development Company Limited,1,0,1
Spectral Diagnostics (US) Inc.,1,0,1
SpectralMD,1,0,1
Spectrum Ergonomics and Occupational Health Services,1,0,1
"Spectrumedics Medical Technology(Shanghai)Co.,Ltd",1,0,1
"SPH Qingdao Growful Pharmacetical Co.,Ltd",1,0,1
SpinaFX Medical Inc.,1,0,1
Spinal Elements,1,0,1
Spinal Kinetics,1,0,1
"Spine BioPharma, Inc",1,1,1
Spineart USA,1,0,1
SpineSave AG,1,0,1
SPIRE Therapeutics Inc.,1,0,1
"Spiro Medical, Inc.",1,0,1
"Spirovant Sciences, Inc.",1,0,1
SpliSense Ltd.,1,0,1
Spotlight Medical,1,0,1
Spryte Medical,1,0,1
Stability Biologics,1,0,1
"Stamford Pharmaceuticals, Inc.",1,0,1
Stardots AB,1,0,1
"Starkey Laboratories, Inc",1,0,1
Starlight Cardiovascular Inc,1,0,1
Starlight Therapeutics Inc.,1,0,1
Starmed,1,0,1
"Starton Therapeutics, Inc",1,0,1
Steady Strides: Fall Prevention and Stroke Rehabilitation Medical Institute,1,0,1
"StemCyte Taiwan Co., Ltd.",1,0,1
"Steminent US, Inc.",1,0,1
Stentit,1,0,1
SterileCare Inc.,1,0,1
Stimit AG,1,0,1
StimScience Inc.,1,0,1
Stimvia s.r.o.,1,0,1
Stoparkinson Healthcare Systems LLC,1,0,1
STORM Therapeutics LTD,1,0,1
Storz Medical AG,1,0,1
"Strados Labs, Inc.",1,0,1
"Stratagen Bio, Inc.",1,0,1
StratiHealth,1,0,1
Streetlab,1,0,1
Sudhir Srivastava Innovations Pvt. Ltd.,1,0,1
Suisselle,1,0,1
"Summa Therapeutics, LLC",1,0,1
Sun Protection Foundation,1,0,1
"Sundance Biosciences, Inc.",1,0,1
"Sunhawk Vision Biotech, Inc.",1,0,1
Suninflam Inc,1,0,1
Super Synbiotics AB,1,0,1
"Sure, Inc.",1,0,1
Surgenex,1,0,1
Surgify Medical Oy,1,0,1
Surgimab,1,1,1
"SurModics, Inc.",1,0,1
"Surmount Services, Inc.",1,0,1
"Surrozen Operating, Inc.",1,0,1
"Sutra Medical, Inc.",1,0,1
Suturion AB,1,0,1
"Suzhou Centergene Pharmaceuticals Co.,Ltd.",1,0,1
"Suzhou Junde Biotechnology Co., Ltd",1,0,1
"Suzhou Kintor Pharmaceutical Inc,",1,1,1
"Suzhou Puhe Pharmaceutical Technology Co., LTD",1,1,1
Suzhou Teligene Ltd.,1,0,1
Suzhou Zenith Vascular SciTech Limited,1,0,1
"Svelte Medical Systems, Inc.",1,0,1
Swiss Dental Solutions,1,0,1
SymKardia,1,0,1
Synaptic Medical Corporation,1,0,1
"Synaptrix, Inc.",1,0,1
SynchroHealth LLC,1,0,1
"Synchron Medical, Inc.",1,0,1
"Synchrony-Medical, Ltd",1,0,1
"Syncromune, Inc.",1,0,1
"SynDevRx, Inc.",1,0,1
"Synedgen, Inc.",1,0,1
SyneuRx International (Taiwan) Corp,1,1,1
SynOx Therapeutics Limited,1,1,1
"Synphatec (Shanghai) Biopharmaceutical Technology Co., Ltd.",1,0,1
"Synusight Biotech (Shanghai) Co., Ltd.",1,0,1
T-MAXIMUM Pharmaceutical Inc,1,0,1
T.O.A.D. Oncology SA,1,0,1
T3 Pharmaceuticals AG,1,0,1
"T3D Therapeutics, Inc.",1,1,1
Tafalgie Therapeutics,1,0,1
Tagworks Pharmaceuticals BV,1,0,1
"TAIBIDI PHARMACEUTICAL TECHNOLOGY(SHIJIAZHUANG) CO.,LTD.",1,0,1
"TaiGen Biotechnology Co., Ltd.",1,0,1
"Taiwan Mitochondrion Applied Technology Co., Ltd.",1,0,1
Taizhou Hanzhong biomedical co. LTD,1,1,1
"Takeoff41, Inc.",1,0,1
"Talphera, Inc",1,0,1
Tangent Cardiovascular Inc.,1,0,1
TargED Biopharmaceuticals B.V.,1,0,1
"Targeted Therapy Technologies, LLC",1,0,1
Tasca Therapeutics,1,0,1
"Tasly Pharmaceuticals, Inc.",1,1,1
"Tatchempharmpreparaty, JSC",1,1,1
Taumedika s.r.l.,1,0,1
TC Biopharm,1,0,1
"TCROSS Co., Ltd.",1,0,1
"TearSolutions, Inc.",1,0,1
"TechnoGenesys, Inc.",1,0,1
Technopulm,1,0,1
Tecnoquimicas,1,0,1
Tectonic Therapeutic,1,0,1
TecTraum Inc.,1,0,1
"Telomir Pharmaceuticals, Inc.",1,0,1
Tempest Therapeutics,1,1,1
"TeneoSeven, Inc.",1,0,1
TenNor Therapeutics (Zhongshan) Limited,1,0,1
TenNor Therapeutics Inc.,1,0,1
"Tern Therapeutics, LLC",1,0,1
Terran Biosciences Australia Pty Ltd,1,0,1
Terrapin Pharmacy,1,0,1
"Terrestrial Bio, Inc.",1,0,1
TerSera Therapeutics LLC,1,0,1
Tes Pharma S.r.l.,1,0,1
Tesai Care SL,1,0,1
"Tessera Therapeutics, Inc.",1,0,1
Tetec AG,1,0,1
Tetragon Biosciences Ltd,1,0,1
"Tetraphase Pharmaceuticals, Inc",1,0,1
ThalassaX Therapeutics United States Ltd,1,0,1
Tharimmune Inc,1,0,1
The Black Forest LLC,1,0,1
"The Campbell Clinic, UK",1,0,1
The Perfect Series Sdn Bhd,1,0,1
The Searle Company Limited Pakistan,1,0,1
TheiaNova Ltd.,1,0,1
Thena Biotech S.r.l.,1,0,1
"Theradaptive, Inc",1,0,1
Theradex,1,0,1
Theralase® Technologies Inc.,1,0,1
Therapixel,1,0,1
Theratocular Biotek Co.,1,0,1
Theravance Biopharma,1,1,1
Theravectys S.A.,1,0,1
Therini Bio Pty Ltd,1,0,1
"Therini Bio, Inc.",1,0,1
"Theriva Biologics, Inc.",1,0,1
"Thermedical, Inc.",1,0,1
ThermoMind Ltd.,1,0,1
ThermoTrauma,1,0,1
Thetis Pharmaceuticals LLC,1,0,1
"Thinks Works, PBC",1,0,1
Third Arc Bio,1,0,1
"Third Pole Therapeutics, Inc.",1,0,1
Thomas Advanced Medical LLC,1,0,1
THPharm Corp.,1,1,1
Thread and Lift,1,0,1
"Thrive Digital Health, LLC",1,0,1
"Thrive Neuromedical, LLC",1,0,1
ThromBio Pty. Ltd.,1,0,1
"Thrombolex, Inc.",1,0,1
"Thubrikar Aortic Valve, Inc.",1,0,1
"Tianjin Hemay Pharmaceutical Co., Ltd",1,1,1
Tidal Medical Technologies,1,0,1
timkl,1,0,1
Tingting Xu,1,0,1
"Tioga Cardiovascular, Inc.",1,0,1
Tioga Pharmaceuticals,1,0,1
Tiohundra AB,1,1,1
Tissue Regenix Ltd,1,0,1
"Tizona Therapeutics, Inc",1,0,1
"TNF Pharmaceuticals, Inc.",1,0,1
Tobias Moeller-Bertram,1,0,1
Todoc,1,0,1
TolerogenixX GmbH,1,0,1
ToLymph Inc.,1,0,1
Tomey Corporation,1,0,1
"Tonic Medical, Inc.",1,0,1
Topadur Pharma AG,1,0,1
"Toro Neurovascular, Inc.",1,0,1
Totus Medicines,1,0,1
"Trace Neuroscience, Inc.",1,0,1
Tradeflex Ltd,1,0,1
Trans-Duodenal Concepts GmbH,1,0,1
TransCode Therapeutics,1,0,1
Translumina Therapeutics Pvt Ltd.,1,0,1
"Transradial Technologies, LLC",1,0,1
"Transverse Medical, Inc.",1,0,1
TRB Chemedica,1,1,1
TRB Chemedica AG,1,0,1
Trears,1,0,1
Treebough Therapies,1,0,1
Trethera,1,0,1
"TRex Bio, Inc.",1,0,1
TriAgenics Inc,1,0,1
"TRIANA Biomedicines, Inc.",1,0,1
TriArm Therapeutics (Taiwan) Limited,1,0,1
TricelX Inc.,1,0,1
"TriFlo Cardiovascular, Inc.",1,0,1
Trigone Pharma Ltd.,1,0,1
Triple Hair Inc,1,1,1
"TriReme Medical, LLC",1,0,1
Trisol Medical,1,0,1
"Triumvira Immunologics, Inc.",1,0,1
Trogenix ltd,1,0,1
"Trotana, Inc.",1,0,1
"True Bearing Diagnostics, Inc.",1,0,1
Trulife,1,0,1
Trutino Biosciences Inc.,1,0,1
TRYP Therapeutics,1,0,1
Tsumura USA,1,0,1
"Tulavi Therapeutics,Inc.",1,0,1
"Tune Therapeutics, Inc.",1,0,1
Turn Therapeutics,1,1,1
TVAX Biomedical,1,1,1
TWIICE,1,0,1
"Twinpig Biolab, Inc.",1,0,1
"TwoStep Therapeutics, Inc.",1,0,1
Txinno Bioscience Inc.,1,0,1
Tyligand Pharmaceuticals (Suzhou) Limited,1,0,1
U: The Mind Company,1,0,1
U.G.A. Nutraceuticals,1,0,1
"Ubix Therapeutics, Inc.",1,0,1
Ufonia,1,0,1
UK Innovations GP LTD,1,0,1
Ukko Inc,1,0,1
"Ultimate International, Inc.",1,0,1
"Ultrasound-Innovation Medtech, S.L.",1,0,1
Umecrine Cognition AB,1,0,1
UnicoCell Biomed CO. LTD,1,1,1
Unicon Optical Co. Ltd.,1,0,1
Unifarco SpA,1,0,1
"United Imaging Healthcare North America, Inc.",1,0,1
"United Immunity, co., Ltd.",1,0,1
United Innomed(Shanghai) Limited,1,0,1
Univa Health,1,0,1
Universal Adherence LLC,1,0,1
Universal Integrated Corp.,1,0,1
University Surgical Vascular,1,0,1
Unlimited Biotechnology LLC,1,0,1
Upsher-Smith Laboratories,1,0,1
UpTru Inc.,1,1,1
"UroGen Pharma, Inc., a subsidiary of UroGen Pharma Ltd.",1,0,1
Urovant Sciences GmbH,1,1,1
Ursa Medicines,1,0,1
Urteste S.A,1,0,1
V-Flow 21,1,0,1
Vaccinex Inc.,1,0,1
Vaccinogen Inc,1,1,1
Valbiotis,1,0,1
Valcare Medical Ltd.,1,0,1
"Valent Technologies, LLC",1,0,1
Valo Therapeutics Oy,1,0,1
Valve Medical,1,0,1
Vantage Biosciences Ltd,1,0,1
VapeAway,1,0,1
Var2 Pharmaceuticals,1,0,1
Vasa Therapeutics,1,0,1
"Vasgene Therapeutics, Inc",1,1,1
"Vasomune Therapeutics, Inc.",1,0,1
"VasoStar, LLC",1,0,1
Vast Therapeutics,1,0,1
VastBiome,1,0,1
Vaxiion Therapeutics,1,0,1
"VB Spine, LLC",1,0,1
VDI Technologies,1,0,1
"Vecmedical Spain, S.L.",1,0,1
Vector Vitale LLC,1,0,1
Vector Y Therapeutics,1,0,1
Vektor Medical,1,0,1
Veloxis Pharmaceuticals,1,0,1
Vena Vitals,1,0,1
Vensica Therapeutics Ltd.,1,0,1
Ventaris Surgical Incorporated,1,0,1
Ventoscity LLC,1,0,1
"Ventric Health, LLC",1,0,1
Venus Remedies Limited,1,0,1
Verici Dx,1,0,1
Verily Life Sciences LLC,1,0,1
VERIS HEALTH INC,1,0,1
Verity Pharmaceuticals Inc.,1,1,1
"Versa Vascular, Inc",1,0,1
Vertanical GmbH,1,1,1
"Verve Medical, Inc",1,0,1
Vesalius Cardiovascular Inc.,1,0,1
Viable Biosciences,1,0,1
Vibrant America Clinical Lab,1,0,1
Vibrant Medical Ltd.,1,0,1
Vibrant Sciences Limited,1,0,1
"Vibrato Medical, Inc.",1,0,1
Vibwife AG,1,0,1
Vico Therapeutics B. V.,1,0,1
"Vicora, Inc.",1,0,1
Vicore Pharma AB,1,0,1
Victor Wang,1,0,1
Vida Fertility Institute,1,0,1
Vidya Therapeutics Inc,1,0,1
Vidya USA Corporation,1,0,1
Vielight Inc.,1,0,1
"Vifor Pharma, Inc.",1,0,1
"Vincerx Pharma, Inc.",1,0,1
Virchow Group,1,1,1
"Virdx, Inc.",1,0,1
"ViroMissile, Inc.",1,0,1
Virta Health,1,0,1
"Virtuoso Surgical, Inc.",1,0,1
VisCardia Inc.,1,0,1
Viscofan,1,0,1
"VisDura, Inc.",1,0,1
VisionAir Solutions,1,0,1
Vita Green Pharmaceutical (H.K.) Ltd.,1,0,1
ViTAA Medical Solutions,1,0,1
VitalTracer Ltd.,1,0,1
Vitestro B.V.,1,0,1
Vitruviae,1,0,1
"Vitruvian Medical Devices, Inc.",1,0,1
VitsGen Therapeutics Inc.,1,0,1
VIVA PHARM LLP,1,0,1
VivaCell Biotechnology España,1,0,1
Vivacelle Bio,1,1,1
"Vivacta Biotechnology (Shanghai) Co., Ltd.",1,0,1
Vivalyx GmbH,1,0,1
"Vivani Medical, Inc",1,0,1
Vivet Therapeutics SAS,1,0,1
VIVID CLINICAL SERVICES PTY LTD,1,0,1
"Vivonics, Inc.",1,0,1
"VM Discovery, Inc.",1,0,1
"VM Oncology, LLC",1,0,1
VM Therapeutics LLC,1,0,1
"VO Health, Inc.",1,0,1
Vora Life LLC,1,0,1
Voyager Biomedical,1,0,1
"VSPharmTech Co.,Ltd.",1,0,1
Walden Biosciences,1,0,1
"Waterstone Pharmaceutical (Wuhan) Co., LTD.",1,1,1
WAYCEN Inc,1,0,1
Wearlinq,1,0,1
Weinberg Medical Physics LLC,1,0,1
Well Cell Global,1,0,1
Wellell Inc. Taiwan,1,0,1
Wellizen Australia,1,0,1
Wesper Inc,1,0,1
"WhiteSwell, Limited",1,0,1
Whole Endo,1,0,1
"William Brandenburg, MD",1,0,1
"Wiltrom Co., Ltd.",1,0,1
Windtree Therapeutics,1,0,1
WINNCARE,1,0,1
WiQo S.p.A.,1,0,1
Wishbone SA,1,0,1
Womed,1,0,1
Woolsey Pharmaceuticals,1,0,1
Worcester HIV Vaccine,1,0,1
World Health Research Inc.,1,0,1
"World Medica USA, LLC",1,0,1
"Wuhan Ammunition Life-tech Co., Ltd",1,0,1
Wuxi Cellular Biopharmaceutical Group Ltd.,1,1,1
Wysa,1,0,1
"Xalud Therapeutics, Inc.",1,0,1
xCures,1,0,1
"XellSmart Therapeutics (Shanghai) Co., Ltd.",1,0,1
"Xeno Holdings (US), LLC dba ChoironeX",1,0,1
"Xenthera, Inc.",1,0,1
Xerient Pharma,1,0,1
"Xfibra, Inc.",1,0,1
"Xiamen Innovax Biotech Co., Ltd",1,0,1
Xiaorong Wu,1,0,1
XII Medical,1,0,1
"Xinjiang Uygur Pharmaceutical Co., Ltd.",1,0,1
Xinnate AB,1,0,1
"Xoft, Inc.",1,0,1
XSpline S.p.A.,1,0,1
XUND Solutions GmbH,1,0,1
"XYone Therapeutics, Inc",1,0,1
"Xyra, LLC",1,0,1
Yanping Kong,1,0,1
Yantai LNC Biotechnology Singapore PTE. LTD.,1,1,1
"Yarrow Bioscience, Inc.",1,0,1
Yaso Therapeutics Corporation,1,0,1
"Yikang Biotech (Suzhou) Co., Ltd.",1,0,1
"YourChoice Therapeutics, Inc.",1,0,1
Youssef Yammine,1,1,1
YOXLO B.V.,1,0,1
"YS Life Science Co., Ltd.",1,1,1
"Yunnan Baiyao Group Co., Ltd.",1,0,1
Yuwell Group,1,0,1
"Z Optics, Inc.",1,0,1
ZabBio Inc.,1,0,1
ZAINAB MAT YUDIN,1,0,1
Zedsen Limited,1,0,1
ZEISS Vision Care,1,0,1
Zelluna Immunotherapy AS,1,0,1
"Zenchi, Inc.",1,0,1
Zero Point Five Therapeutics,1,1,1
Zeus Sleep Ltd,1,0,1
Zhejiang Echon Biopharm Limited,1,0,1
"Zhejiang Raygene Pharmaceuticals Co., Ltd",1,1,1
"Zhejiang Vimgreen Pharmaceuticals, Ltd.",1,1,1
"Zhejiang Wolwo Bio-Pharmaceutical Co., Ltd.",1,0,1
"Zhicheng Medical Technology (Jiaxing) Co, Ltd",1,0,1
"Zhongshan Sansure Hygene Biomedicine Co., Ltd.",1,1,1
"Zhuhai Beihai Biotech Co., Ltd",1,0,1
"Zhuhai Fapon Biopharma Co., Ltd.",1,0,1
"Zhuhai Rui-Inno Pharmaceutical Technology Co., Ltd.",1,0,1
ZKR Orthopedics Inc,1,0,1
"Zona Health, Inc",1,0,1
ZS Associates,1,0,1
Zucara Therapeutics Inc.,1,0,1
Zumutor Biologics Inc.,1,0,1
ZuriMED Technologies AG,1,0,1
ZuriMED Technologies Inc.,1,0,1
"Zynerba Pharmaceuticals, Inc.",1,1,1
Alaunos Therapeutics,0,2,18
Heron Therapeutics,0,6,18
ADIUM,0,0,12
"Biosplice Therapeutics, Inc.",0,6,12
"Cellontech Co., Ltd.",0,1,11
Humanis Saglık Anonim Sirketi,0,0,11
Nakhia Impex LLC,0,0,11
Vidacare Corporation,0,0,11
"Sarfez Pharmaceuticals, Inc.",0,4,9
HighTide Therapeutics (Hong Kong) Limited,0,0,8
Jennerex Biotherapeutics,0,0,8
KBP Biosciences,0,0,8
"Mesoblast, Inc.",0,4,8
AI Labs Group S.L,0,0,7
Bitop AG,0,0,7
"Church & Dwight Company, Inc.",0,0,7
Celularity Incorporated,0,0,6
Engrail Therapeutics INC,0,0,6
"Kezar Life Sciences, Inc.",0,0,6
"Neumora Therapeutics, Inc.",0,4,6
OmniSolutions Laboratory Holdings Limited,0,0,6
"Vitaflo International, Ltd",0,0,6
Alector Inc.,0,2,5
"CalciMedica, Inc.",0,0,5
Denovo Biopharma LLC,0,2,5
EpiEndo Pharmaceuticals,0,0,5
"Haisco-USA Pharmaceuticals, Inc.",0,3,5
"Helixmith Co., Ltd.",0,5,5
Indivior Inc.,0,0,5
"Inmune Bio, Inc.",0,1,5
Intercept Pharmaceuticals,0,2,5
MolecuLight Inc.,0,0,5
Nanowear Inc.,0,0,5
Nova Pneuma Inc.,0,0,5
Phoenix Kinetics,0,0,5
PolyPid Ltd.,0,3,5
Wondercel Biotech (ShenZhen),0,0,5
Zambon SpA,0,3,5
Advicenne Pharma,0,3,4
Alkemira SA,0,4,4
"Beijing Protgen Biotechnology Development Co., Ltd.",0,2,4
Biocon Limited,0,1,4
Carebot s.r.o.,0,0,4
"Carmot Therapeutics, Inc.",0,0,4
"EIT Pharma, Inc.",0,0,4
Hutchison Medipharma Limited,0,2,4
"Instituto Grifols, S.A.",0,3,4
"Invirsa, Inc.",0,0,4
Love Wellness,0,0,4
Mozarc Medical US LLC,0,0,4
NeoImmuneTech,0,0,4
Repare Therapeutics,0,0,4
Revision Skincare,0,0,4
Satelia,0,0,4
Shenzhen HighTide Biopharmaceutical Ltd.,0,3,4
"Solstice Neurosciences, LLC, a subsidiary of US WorldMeds, LLC",0,2,4
"Aardvark Therapeutics, Inc.",0,2,3
Adaptimmune,0,0,3
Akura Medical,0,0,3
"Alachua Government Services, Inc.",0,2,3
ALK-Abelló A/S,0,1,3
Altria Client Services LLC,0,0,3
"Alume Biosciences, Inc.",0,2,3
"Arisan Therapeutics, Inc.",0,0,3
"Auregen Biotherapeutics, SA",0,0,3
"Auris Health, Inc.",0,0,3
Bio Nature Health,0,0,3
Biosearch S.A.,0,0,3
"Bleep, LLC",0,0,3
Boka LLC,0,0,3
"Boundless Bio, Inc.",0,0,3
Cardior Pharmaceuticals GmbH,0,0,3
"Carl Zeiss Meditec, Inc.",0,0,3
"CinDome Pharma, Inc.",0,0,3
Cingulate Therapeutics,0,3,3
Clexio Biosciences Ltd.,0,0,3
Closed Loop Medicine,0,0,3
Dexa Medica Group,0,3,3
"DyAnsys, Inc.",0,0,3
Edinburgh Biosciences Ltd,0,0,3
Enimmune Corporation,0,1,3
"EnliTISA (Shanghai) Pharmaceutical Co., Ltd.",0,0,3
ENTire Medical Ltd.,0,0,3
Forest Hills Lab,0,1,3
GemVax & Kael,0,0,3
"Guangdong Longchuangji Pharmaceutical Co., Ltd.",0,1,3
"Hipra Scientific, S.L.U",0,1,3
Huinno AIM,0,0,3
Invicta Medical Inc.,0,0,3
J2H Biotech,0,0,3
"Jasper Therapeutics, Inc.",0,0,3
"Jiangsu Nhwa Pharmaceutical Co., Ltd.",0,0,3
"Kine Sciences Co., Ltd.",0,0,3
Kingdom,0,0,3
"Kintsugi Mindful Wellness, Inc.",0,0,3
Knoa Pharma LLC,0,0,3
"Mirror Biologics, Inc.",0,1,3
NewLink Genetics Corporation,0,0,3
Owlstone Ltd,0,0,3
Pharmacyclics LLC.,0,1,3
"Qpex Biopharma, Inc.",0,0,3
"Qure Healthcare, LLC",0,0,3
Rallybio,0,0,3
Reckitt Benckiser Healthcare (UK) Limited,0,0,3
"Reinovax Biologics Co., LTD",0,0,3
"Rose Research Center, LLC",0,2,3
Sensome,0,0,3
"Shanghai WD Pharmaceutical Co., Ltd.",0,0,3
"Shanghai Xin Huanghe Pharmaceutical Co., Ltd.",0,1,3
Soligenix,0,1,3
"SQ Innovation, Inc.",0,0,3
"Supplement Formulators, Inc.",0,0,3
"Teikoku Seiyaku Co., Ltd.",0,2,3
"Transposon Therapeutics, Inc.",0,0,3
"Tris Pharma, Inc.",0,2,3
VBI Vaccines Inc.,0,0,3
Zodiac Produtos Farmaceuticos S.A.,0,0,3
A. Vogel AG,0,1,2
abdulmajeed hammadi,0,0,2
Akros Pharma Inc.,0,0,2
Albireo,0,1,2
"American Regent, Inc.",0,0,2
"AMIpharm Co., Ltd.",0,1,2
Amoneta Diagnostics SAS,0,0,2
"Amphastar Pharmaceuticals, Inc.",0,2,2
Amzell,0,1,2
"AN2 Therapeutics, Inc",0,1,2
Antengene Corporation,0,1,2
Antiva Biosciences,0,0,2
Archivel Farma S.L.,0,0,2
Arialys Therapeutics,0,0,2
"Armata Pharmaceuticals, Inc.",0,0,2
"Arog Pharmaceuticals, Inc.",0,2,2
Arthritis Innovation Corporation,0,2,2
Asensus Surgical,0,0,2
AstriVax Therapeutics,0,0,2
Avadel,0,1,2
Avexima Diol LLC,0,1,2
Avita Medical,0,0,2
BeamWorks Inc.,0,0,2
"Beijing Wehand-Bio Pharmaceutical Co., Ltd",0,0,2
Bio Sidus SA,0,1,2
Biolinq Inc.,0,0,2
BioVie Inc.,0,0,2
"BlueSphere Bio, Inc",0,0,2
Bout Me Healing,0,0,2
"CairnSurgical, Inc.",0,0,2
"Capsida Biotherapeutics, Inc.",0,0,2
Cassiopea SpA,0,2,2
Cell to Cure ApS,0,0,2
Cellese Inc.,0,0,2
CENTOGENE GmbH Rostock,0,0,2
ChemomAb Ltd.,0,0,2
"Click Therapeutics, Inc.",0,2,2
Constellation Pharmaceuticals,0,0,2
"Crestone, Inc",0,0,2
Cue Biopharma,0,0,2
CureVac,0,0,2
Cybrexa Therapeutics,0,0,2
Cytovation AS,0,0,2
Daewoong Group Indonesia,0,0,2
DongE E Jiao Coporation Limited,0,0,2
Elixiron Immunotherapeutics Inc.,0,0,2
"Embera NeuroTherapeutics, Inc.",0,0,2
EndoStim Inc.,0,0,2
Enzene Biosciences Ltd.,0,1,2
Epion Therapeutics,0,2,2
Estetra,0,1,2
"Eucure (Beijing) Biopharma Co., Ltd",0,0,2
ExCellThera inc.,0,0,2
"Eysz, Inc.",0,0,2
Fasikl Inc.,0,0,2
Frisch Medical Device Private Limited,0,0,2
g.tec medical engineering GmbH,0,0,2
Galectin Therapeutics Inc.,0,1,2
Gamida Cell ltd,0,2,2
GATT Technologies BV,0,0,2
"GB002, Inc.",0,2,2
Genenta Science,0,0,2
Genome & Company,0,0,2
GH Research Ireland Limited,0,0,2
Gilgamesh Pharmaceuticals,0,0,2
Grape King Bio Ltd.,0,0,2
"Guangzhou Chia Tai Innovative Pharmaceutical Co., Ltd.",0,0,2
"GUAYAKI SUSTAINABLE RAINFOREST PRODUCTS, INC.",0,0,2
"Hanpoong Nature Pharm Co., Ltd.",0,0,2
Healios K.K.,0,2,2
HearX SA,0,0,2
Hervor Therapeutics,0,0,2
Heuron Inc.,0,0,2
iHealth Labs inc,0,0,2
"INCREDIWEAR HOLDINGS, INC.",0,0,2
InflaRx GmbH,0,1,2
INQUIS Clinical Research,0,0,2
"Intima Bioscience, Inc.",0,0,2
JelikaLite LLC,0,0,2
"Kanyos Bio, Inc., a wholly-owned subsidiary of Anokion SA",0,0,2
Keryx Biopharmaceuticals,0,2,2
Kieron.Day,0,0,2
Kioga Inc.,0,0,2
Kranus Health GmbH,0,0,2
Laura Feemster,0,0,2
Laurent Pharmaceuticals Inc.,0,2,2
Leidos Life Sciences,0,0,2
Levomecor Inc.,0,2,2
LGD,0,0,2
LimFlow SA,0,0,2
"Lisata Therapeutics, Inc.",0,0,2
"LKC Technologies, Inc.",0,0,2
Lohocla Research Corporation,0,0,2
Lung Bioengineering Inc.,0,0,2
Lytix Biopharma AS,0,0,2
Max Zeller Soehne AG,0,0,2
Medline Industries,0,0,2
"Meiji Seika Pharma Co., Ltd.",0,2,2
"Melinta Therapeutics, LLC",0,0,2
Mexbrain,0,0,2
Mindset Medical,0,0,2
Motric Bio,0,0,2
MT Ortho s.r.l.,0,0,2
Mycovia Pharmaceuticals Inc.,0,2,2
"National Health Promotion Associates, Inc.",0,0,2
"Navitor Pharmaceuticals, Inc.",0,0,2
Neuro Event Labs Inc.,0,0,2
"Neurocentria, Inc.",0,1,2
"NeuroPro Therapeutics, Inc.",0,0,2
Ondine Biomedical Inc.,0,1,2
"Organ, Tissue, Regeneration, Repair and Replacement",0,0,2
"Pathway Medtech, LLC.",0,0,2
"Perfuse Therapeutics, Inc.",0,0,2
Pharmassist Ltd,0,0,2
"Pleuran, s.r.o.",0,0,2
Poppins,0,0,2
Prothena Biosciences Ltd.,0,1,2
Pulmocide Ltd,0,1,2
Quantum Aesthetics Cosmetics,0,0,2
Quince Therapeutics S.p.A.,0,2,2
Radionetics Oncology,0,0,2
Ranvier Health Ltd,0,0,2
Rejoni Inc.,0,1,2
reMYND,0,0,2
"Respira Therapeutics, Inc.",0,0,2
Revalesio Corporation,0,0,2
Rezera (formerly NodThera Limited),0,0,2
Rhoshan Pharmaceuticals Inc,0,0,2
Rose Pharma SA,0,0,2
S&R Farmaceutici S.p.A.,0,0,2
Saie Beauty,0,0,2
Sintetica SA,0,1,2
Sionna Therapeutics Inc.,0,0,2
"Sirtsei Pharmaceuticals, Inc.",0,0,2
SmileDent Kft.,0,0,2
"Sobi, Inc.",0,2,2
"Sol-Gel Technologies, Ltd.",0,1,2
"Solstice Neurosciences, LLC, a subsidiary of MDD US Operations, LLC",0,2,2
Sonic Incytes,0,0,2
Spero Therapeutics,0,1,2
SpinChip Diagnostics ASA,0,0,2
Stayble Therapeutics,0,0,2
"SwanBio Therapeutics, Inc.",0,0,2
"Sylentis, S.A.",0,1,2
Taisho Pharmaceutical Indonesia,0,2,2
Taiwan Bio Therapeutics Inc.,0,0,2
Vanarix SA,0,0,2
"Vascular Therapies, Inc.",0,2,2
Verge Genomics,0,0,2
"Visara, Inc.",0,0,2
"Visen Pharmaceuticals (Shanghai) Co., Ltd.",0,1,2
Welch Allyn,0,0,2
WeNatal,0,0,2
WW International Inc,0,0,2
"Yangtze River Pharmaceutical Group Co., Ltd.",0,1,2
Yangtze River Pharmaceutical Group Jiangsu Zilong Pharmaceutical Co. Ltd,0,1,2
"""Oncostar"" LLC",0,0,1
3i Solutions,0,0,1
4E Therapeutics,0,0,1
"4Life Research, LLC",0,0,1
80 Beats Medical,0,0,1
A-Mansia Biotech S.A.,0,0,1
AB-CT - Advanced Breast-CT GmbH,0,0,1
AbleLink Smart Living Technologies,0,0,1
"ABLi Therapeutics, Inc.",0,0,1
Abnoba Gmbh,0,1,1
"ABO Holdings, Inc.",0,0,1
AbViro LLC,0,0,1
ACELYRIN Inc.,0,1,1
Acer Medical Inc.,0,0,1
Aclipse Two Inc.,0,0,1
"Actym Therapeutics, Inc.",0,0,1
Adipeau Inc.,0,0,1
"Advanced Cooling Therapy LLC, d/b/a Attune Medical",0,0,1
"Aegerion Pharmaceuticals, Inc.",0,0,1
Aesyra SA,0,0,1
"Aevi Genomic Medicine, LLC, a Cerecor company",0,0,1
Afimmune,0,0,1
Agomab Spain S.L.,0,0,1
Agyany Pharma LTD,0,0,1
"Aileron Therapeutics, Inc.",0,0,1
AIM ImmunoTech Inc.,0,0,1
Ainex Corporation,0,0,1
Air Liquide Santé International,0,1,1
"AirNexis Therapeutics, Inc.",0,0,1
Aisthesis Medical P.C.,0,0,1
Akesobio Australia Pty Ltd,0,0,1
AL-S Pharma,0,0,1
Alar Pharmaceuticals Inc.,0,0,1
"Algiamed Technologies USA, Inc.",0,0,1
Alife Health,0,0,1
"All Health, Inc.",0,0,1
"Allay Therapeutics, Inc.",0,0,1
Allgenesis Biotherapeutics Inc.,0,0,1
"Allianthera (Suzhou) Biopharmaceuticals Co., Ltd.",0,0,1
"Allodynic Therapeutics, Inc",0,0,1
"Alteogen, Inc.",0,0,1
Altor BioScience,0,0,1
"Alzheimer's Disease Expert Lab (ADEL), Inc.",0,0,1
AM-Pharma,0,0,1
Amarin Technologies S.A.U.,0,0,1
Ambu A/S,0,0,1
Ambu Inc.,0,0,1
"Amenity Health, Inc.",0,0,1
AML,0,0,1
"AMO Development, LLC",0,0,1
Ampa Medical,0,0,1
Anaveon AG,0,0,1
"AngioSafe, Inc.",0,0,1
"Anhui Hemay Pharmaceutical Co., Ltd",0,0,1
Anjali Raja Beharelle,0,0,1
"Anumana, Inc.",0,0,1
Aplos Medical,0,0,1
Applied Cognition,0,0,1
Aptar Digital Health,0,0,1
Aptarion Biotech AG,0,0,1
AQILION AB,0,0,1
"Aqua Therapeutics, Inc.",0,0,1
Aquestive Therapeutics,0,0,1
"Aquora Research & Consulting, LLC",0,0,1
"Aquyre Bioscience, Inc",0,0,1
Araclon Biotech S.L.,0,0,1
Arbele Pty Ltd,0,0,1
"Arbor Pharmaceuticals, Inc.",0,0,1
Ariceum Therapeutics GmbH,0,0,1
ARKAY Therapeutics,0,0,1
Aro Biotherapeutics,0,0,1
ART Medical Ltd.,0,0,1
"Artivila (Shenzhen) Innovation Center, Ltd",0,0,1
Asahi Kasei Therapeutics Corporation,0,0,1
"Aspartes Pharmaceuticals, Inc.",0,0,1
Aspeya Switzerland SA,0,0,1
"Astrogen, Inc.",0,1,1
Astrolab bio,0,0,1
Atara Biotherapeutics,0,0,1
Atreon Orthopedics,0,0,1
"Aucta Pharmaceuticals, Inc",0,0,1
Aura,0,0,1
Aurealis Oy,0,0,1
Aurobac Therapeutics SAS,0,0,1
"Auspex Pharmaceuticals, Inc.",0,1,1
"Avalo Therapeutics, Inc.",0,0,1
"Aviceda Therapeutics, Inc.",0,0,1
"Axion Bio, Inc",0,0,1
"B-Temia, Inc.",0,0,1
Banza LLC,0,0,1
Barco NV,0,0,1
Be Biopharma,0,0,1
BeCare Link LLC,0,0,1
BeHnam KhodaRahmi,0,0,1
"Beijing Dayspring Pharmaceutical Technology Co., Ltd",0,0,1
"Beijing Kanova Biopharmaceutical Co., LTD",0,0,1
"Beijing Supreme Life Pharmaceutical Technology Co., Ltd.",0,0,1
Belli Welli Inc.,0,0,1
Benfovir AG,0,0,1
BerGenBio ASA,0,0,1
Bharat Serums and Vaccines Limited,0,0,1
"Bichedam Co., Ltd.",0,0,1
"BIO-CAT, Inc.",0,0,1
BioArctic AB,0,0,1
Biocol Labs,0,0,1
Biocon Biologics UK Ltd,0,1,1
Bioeq GmbH,0,1,1
BioFire Defense LLC,0,0,1
Biogaia New Sciences AB,0,0,1
"BioGrowing Co., Ltd",0,0,1
BioKier Inc.,0,0,1
Biologische Heilmittel Heel GmbH,0,0,1
"BioNADrx Holdings, Inc. Bryleos",0,0,1
Biond Biologics,0,0,1
BIONEER Corporation,0,0,1
Bionomics Limited,0,1,1
"Biosion, Inc.",0,0,1
BioSpectrum Inc,0,0,1
Biostime (Guangzhou) Health Products Limited,0,0,1
"BioTheraVision, Inc.",0,0,1
"BioTissue Holdings, Inc",0,0,1
Bioxodes S.A.,0,0,1
BlueBird Age Reversal SA,0,0,1
BlueWillow Biologics,0,0,1
"Bobbie Baby, Inc",0,0,1
"Botanicure Co., Ltd.",0,0,1
Bounce Curl,0,0,1
BrainJuice,0,0,1
Braintree Laboratories,0,1,1
BrainX Corporation,0,0,1
"Breas Medical, Inc.",0,0,1
BREGO Life Sciences,0,0,1
Bright Peak Therapeutics Inc,0,0,1
Bruno Vision Care,0,0,1
Bulbitech,0,0,1
C2N Diagnostics,0,0,1
Caerus Corporation,0,0,1
Calm and Sense Technologies LLC,0,0,1
"Cancer Insight, LLC",0,0,1
"Cannabis Science Innovations, LLC",0,0,1
Cantargia AB,0,0,1
Capturin Distribution B.V.,0,0,1
Carmot Australia First Pty Ltd,0,0,1
Catalyst OrthoScience,0,0,1
Cellerys AG,0,0,1
"Cerevance Beta, Inc.",0,0,1
"CereVu Medical, Inc.",0,0,1
Ceryx Medical Ltd,0,0,1
Cessatech A/S,0,1,1
"CHABiotech CO., Ltd",0,0,1
Chengdu Diao Jiuhong Pharmaceutical Factory,0,0,1
Chess Mobile Health,0,0,1
Cinnagen,0,0,1
"CinPhloro Pharma, LLC",0,0,1
"Clarametyx Biosciences, Inc.",0,0,1
Clear Guide Medical,0,0,1
Clementia Pharmaceuticals Inc.,0,0,1
Clinuvel Europe Limited,0,0,1
ClostraBio Inc.,0,0,1
"Codagenix, Inc",0,0,1
"Cohen Global, Ltd.",0,0,1
CoheroHealth,0,0,1
Collabree AG,0,0,1
Collagen Research Institute,0,0,1
Colliga Apps Corp.,0,0,1
Coloplast NV/SA,0,0,1
"Combangio, Inc",0,0,1
Comet Bio Inc.,0,0,1
Compedica Inc,0,0,1
Contrad Swiss SA,0,0,1
"Contraline, Inc",0,0,1
"Convergent Engineering, Inc.",0,0,1
CoolTech LLC,0,0,1
Cooper Consumer Health,0,0,1
Cooperation Pharmaceutique Francaise,0,0,1
Corify Care S.L.,0,0,1
"Corium, Inc.",0,0,1
CorNeat Vision Ltd.,0,0,1
Corteria Pharmaceuticals,0,0,1
"Cosette Pharmaceuticals, Inc.",0,0,1
Cowboy Colostrum,0,0,1
Credo Diagnostics Biomedical Pte. Ltd.,0,0,1
Cristcot HCA LLC,0,1,1
Cugene Inc.,0,0,1
Cullgen Australia Pty Ltd,0,0,1
CureLab Oncology,0,0,1
"CurvaFix, Inc.",0,0,1
"Cymbiotika, LLC",0,0,1
"Cyrano Therapeutics, Inc.",0,0,1
Cyto Therapeutics Pty Limited,0,0,1
Cytoki Pharma,0,0,1
Cytonics Corporation,0,0,1
Danone Nutricia,0,0,1
"Dasan Pharmaceutical Co., Ltd.",0,0,1
Daxxin AB,0,0,1
"Delphian Therapeutics Australia Pty, Ltd",0,0,1
DemeRx NB,0,0,1
DePuy Spine,0,0,1
Derma Techno Pakistan,0,0,1
Desentum Oy,0,0,1
Desitin Arzneimittel GmbH,0,0,1
DESKi,0,0,1
Diamond Therapeutics Inc.,0,0,1
Diana SAS,0,0,1
Diasome Pharmaceuticals,0,0,1
Dilemma Solutions S.L.,0,0,1
Disera Tıbbi Cihazlar Lojistik Sanayi ve Ticaret A.Ş,0,0,1
DMF Medical Incorporated,0,0,1
Domain Therapeutics SA,0,0,1
Dong-A Pharmaceutical,0,0,1
"Dongkook Pharmaceutical Co., Ltd.",0,1,1
Dr. August Wolff GmbH & Co. KG Arzneimittel,0,0,1
"Dreamhawk Vision Biotech, Inc.",0,0,1
"DTBE, LLC dba FlavCity",0,0,1
Duchesnay Inc.,0,1,1
"E2Bio Life Sciences, LLC",0,0,1
Edenboost,0,0,1
Edesa Biotech Inc.,0,1,1
"EirGenix, Inc.",0,1,1
Ekalab S.r.l.,0,0,1
"Electromedical Products International, Inc.",0,0,1
Elevation Oncology,0,0,1
Elucid Bioimaging Inc.,0,0,1
Endok s.r.l.,0,0,1
Endovascular Engineering,0,0,1
Ennogen Healthcare Limited,0,0,1
Entera Bio Ltd.,0,0,1
Enterprise Therapeutics Ltd,0,0,1
Entos Pharmaceuticals Inc.,0,0,1
EP Plus Group Sdn Bhd,0,0,1
Epirium Bio Inc.,0,0,1
"EQRx, Inc.",0,0,1
"Equiti Food, LLC",0,0,1
"Escient Pharmaceuticals, Inc",0,0,1
"Essential Medical, Inc.",0,0,1
"Evaheart, Inc.",0,0,1
"Evolus, Inc.",0,0,1
Evolve Biologics,0,1,1
ewimed GmbH,0,0,1
Eximis Surgical,0,0,1
Exoneural Network AB,0,0,1
ExThera Medical Europe BV,0,0,1
eyeDNA Therapeutics,0,0,1
Factors Group of Nutritional Companies Inc.,0,0,1
Fapon Biotech Inc.,0,0,1
"Faraday Pharmaceuticals, Inc.",0,0,1
"Fenwal, Inc.",0,0,1
Firstbeat Technologies Oy,0,0,1
Fit Minded,0,0,1
Flamingo Therapeutics NV,0,0,1
"FLO LIVING, LLC",0,0,1
"Floreo, Inc.",0,0,1
Flow Neuroscience AB,0,0,1
"Freedom Laser, Inc.",0,0,1
Future Biome SA,0,0,1
Future Fertility Inc.,0,0,1
"G1 Therapeutics, Inc.",0,0,1
"G2GBio, Inc.",0,0,1
GAIA BioMedicine Inc.,0,0,1
Galen Limited,0,0,1
"Galmed Research and Development, Ltd.",0,1,1
Gateway Pharmaceutical LLC,0,0,1
"GCS Co., Ltd",0,0,1
Genomics PLC,0,0,1
Genosco Inc.,0,0,1
"GenVivo, Inc.",0,0,1
"Genzada Pharmaceuticals USA, Inc.",0,0,1
"Georg Nilius, Prof DR med",0,0,1
Gerrish MedEsthetics,0,0,1
Gisens Biotech,0,0,1
Golden Biotechnology Corporation,0,0,1
Good Feeling Products GmbH,0,0,1
"GPCR Therapeutics, Inc.",0,0,1
GPLIFE HEALTHCARE PRIVATE LIMITED,0,0,1
Graviton Bioscience Corporation,0,0,1
"GRI Bio Operations, Inc.",0,0,1
Grow Out Oils Clinical Aromatherapy Company,0,0,1
Guangdong Hongzhi Health Technology,0,0,1
"Guangzhou Fermion Technology Co., LTD",0,0,1
Guizhou Bailing Group Pharmaceutical Co Ltd,0,0,1
"Gunkang Pharmaceuticals, Inc",0,1,1
HAII corp.ltd,0,0,1
HAL Allergy,0,1,1
Handok Inc.,0,0,1
"Hangzhou Grand Biologic Pharmaceutical, Inc.",0,0,1
Happy V,0,0,1
"Harbour BioMed US, Inc.",0,0,1
HARTMANN GROUP,0,0,1
Healthbiome Inc,0,0,1
HealthTech Connex Inc.,0,0,1
"Helicore Biopharma, Inc.",0,0,1
"Hepagene (Shanghai) Co., Ltd.",0,0,1
"Hill Dermaceuticals, Inc.",0,1,1
HiPP GmbH & Co. Vertrieb KG,0,0,1
HLB Science,0,0,1
"Holy Stone Healthcare Co., Ltd",0,0,1
"Hong Kong Junhuo Biotechnology Co., Limited",0,0,1
Hookipa Biotech GmbH,0,0,1
Hovid Berhad,0,0,1
"Huawei Device Co., Ltd",0,0,1
Humanetics Corporation,0,0,1
"Humedix Co., Ltd.",0,0,1
Hunazine Biotech S.L.,0,0,1
Hybernia Medical,0,0,1
"HydroCision, Inc.",0,0,1
"HysensBio Co., Ltd",0,0,1
Iama Therapeutics S.r.l.,0,0,1
IC-MedTech Corporation,0,0,1
"ICARES Medicus, Inc.",0,0,1
ICM Biotech Australia Pty Ltd.,0,0,1
"Icosavax, Inc.",0,0,1
IgGenix Australia Pty Ltd,0,0,1
iGluco,0,0,1
"ILAb Co., Ltd.",0,0,1
ILiAD Biotechnologies,0,0,1
Imbrium Therapeutics,0,0,1
Immunobrain Checkpoint,0,0,1
"ImmunoChem Therapeutics, LLC",0,0,1
ImmunOs Therapeutics AG,0,0,1
Immuron Ltd.,0,0,1
"Impactiv, Inc.",0,0,1
Imperial Brands PLC,0,0,1
Incendia Therapeutics,0,0,1
Indication Bioscience LLC,0,0,1
Indivi AG,0,0,1
INFINITT Healthcare,0,0,1
Inflammatix,0,0,1
Inflammx Therapeutics Inc,0,0,1
InFlectis BioScience,0,0,1
"InfraScan, Inc.",0,0,1
Ingenion Medical Limited,0,0,1
"Inhale, Inc",0,0,1
"INIBIO Co., Ltd.",0,1,1
InnoMedica Schweiz AG,0,0,1
InnoNext Sarl,0,1,1
Inreda Diabetic B.V.,0,0,1
"Insight Lifetech Co., Ltd.",0,0,1
"Insignis Therapeutics, Inc.",0,0,1
"inSoma Bio, Inc.",0,0,1
"Inspirna, Inc.",0,0,1
Instil Bio,0,0,1
Institute Hyalual GmbH,0,0,1
Institute of OM Foundation,0,0,1
"Instituto de Investigacion Biotecnologica, Farmaceutica y Medicamentos Huerfanos, S.L.",0,0,1
Integrative Pain Science Institute,0,0,1
"International Medical Devices, Inc.",0,0,1
"International Partnership for Microbicides, Inc.",0,0,1
"Interscope, Inc.",0,0,1
Io Therapeutics,0,0,1
iOmx Therapeutics AG,0,0,1
Island Pharmaceuticals,0,0,1
"Ivantis, Inc.",0,0,1
"IVERIC bio, Inc.",0,1,1
Jaime Marino,0,0,1
Jamp Pharma Corporation,0,0,1
"Jianersheng (Zhuhai) Pharmaceutical Technology Co., Ltd.",0,0,1
"Jiangsu Sinorda Biomedicine Co., Ltd",0,0,1
"JMackem Co., Ltd",0,0,1
Joint Academy,0,0,1
"Joint Stock Company ""Farmak""",0,1,1
"Junlebao Dairy Group Co., Ltd.",0,0,1
Jupiter Endovascular,0,0,1
Juro Sciences Inc.,0,0,1
"Kamada, Ltd.",0,1,1
"Kangpu Biopharmaceuticals, Ltd.",0,0,1
Karex Industries Sdn. Bhd.,0,0,1
Kariya Pharmaceuticals,0,0,1
KAZM Pharmaceuticals Inc.,0,1,1
Kendal Nutricare Ltd,0,1,1
Keuro MedTech,0,0,1
Keystone OrthotropiX,0,0,1
Kimberly-Clark Corporation,0,0,1
Kindeva Drug Delivery,0,0,1
Kineta Inc.,0,0,1
Knight Therapeutics (USA) Inc,0,0,1
Koios Care,0,0,1
KOKO Medical Inc.,0,0,1
Kontigo Care AB,0,0,1
"Korea Arlico Pharm. Co., Ltd",0,0,1
"Kyoto Drug Discovery and Development Co., Ltd.",0,0,1
Labomar SPA,0,0,1
Laboratoire français de Fractionnement et de Biotechnologies,0,1,1
Laboratorios Liomont,0,1,1
Laboratorios Pisa S.A. de C.V.,0,0,1
Laboratorios Richmond S.A.C.I.F.,0,1,1
Labrha,0,0,1
Lady Technologies Inc,0,0,1
Larena SAS,0,0,1
Lassen Therapeutics Inc.,0,0,1
"Leap Therapeutics, Inc.",0,0,1
Leberstiftungs-GmbH Deutschland,0,0,1
Levicept,0,0,1
Lexaria Bioscience Corp.,0,0,1
"Life Harmony Energies, Inc.",0,0,1
Lightfield Medical,0,0,1
Ligno Biotech Sdn. Bhd.,0,0,1
"Lilac Therapeutics, Inc.",0,0,1
"Lillian Haley, PhD",0,0,1
Lipomedix Pharmaceuticals Inc.,0,0,1
Lipum AB,0,0,1
Liquet Medical Inc.,0,0,1
"Little Room Innovations, LLC",0,0,1
Liv Labs Inc.,0,0,1
LL Prosper Inc.,0,0,1
Loci Orthopaedics,0,0,1
Lokon Pharma AB,0,0,1
Lucie Medical Inc,0,0,1
Luis Fernandez Luque,0,0,1
"Lumibird Medical (Quantel Medical, Ellex Medical, Optotek)",0,0,1
"Luxena Pharmaceuticals, Inc.",0,0,1
Lyra Therapeutics,0,1,1
"Lyssn.io, Inc.",0,0,1
M2RLAB SL,0,0,1
Magnes AG,0,0,1
Mahesh Pattabiraman,0,0,1
MAIA Labs s.r.o.,0,0,1
Mainstay Medical,0,0,1
Makani Science,0,0,1
Manina Medtech,0,0,1
"MapHabit, Inc.",0,0,1
"MapKure, LLC",0,0,1
Mapreg,0,0,1
Maquet Cardiopulmonary GmbH,0,0,1
Maquet Critical Care AB,0,0,1
"Maruho Co., Ltd.",0,0,1
Matisse Pharmaceuticals,0,0,1
May Health,0,0,1
MBD MARKETING SDN. BHD.,0,0,1
MC2 Therapeutics,0,0,1
MDH sp. z o.o.,0,0,1
"MDI Therapeutics, Inc.",0,0,1
"Meaningful Measurement, Inc",0,0,1
MEDA Pharma GmbH & Co. KG,0,0,1
Medhub Ltd.,0,0,1
Medice Arzneimittel Pütter GmbH & Co KG,0,0,1
Medicrea International,0,0,1
Medisol Development Kft.,0,0,1
Medivis SRL,0,0,1
Medtechtomarket Consulting Ltd,0,0,1
"MEI Pharma, Inc.",0,0,1
"Meiji China Investment Co.,Ltd",0,0,1
MeiraGTx UK II Ltd,0,0,1
"Meisch Temple Massager, Inc.",0,0,1
"Melinta Therapeutics, Inc.",0,0,1
Metabolics Pharma,0,0,1
"Mi-Helper, Inc.",0,0,1
Michael Chu,0,0,1
Microbiome Health Sciences,0,0,1
"Microline Surgical, Inc.",0,0,1
"Millennium Pharmaceuticals, Inc.",0,0,1
Millet Innovation,0,0,1
"MindLight, LLC",0,0,1
MindWave Medical Inc,0,0,1
MIRA Pharmaceuticals,0,0,1
MiraxBioPharma,0,0,1
Miromatrix Medical Inc.,0,0,1
Mitocholine Ltd,0,0,1
Momentum Data,0,0,1
MSP Starch Products Inc.,0,0,1
Muse Nutrition Ltd,0,0,1
Muvik Labs,0,0,1
MVG Industries SAS,0,0,1
My Myracle Sdn.Bhd,0,0,1
Mycotech Pharma AS,0,0,1
Mythic Therapeutics,0,0,1
N REMEDIER (M) SDN BHD,0,0,1
"Najit Technologies, Inc.",0,0,1
"Nang Kuang Pharmaceutical Co., Ltd.",0,0,1
"Nanjing Ascend Biotech Technology Co., Ltd.",0,0,1
Nano PharmaSolutions Australia,0,0,1
"NantBioScience, Inc.",0,0,1
"NantCell, Inc.",0,0,1
Nausicaa Medical,0,0,1
Neola Medical AB,0,0,1
Neomente SAS,0,0,1
Neovia Oncology Ltd.,0,0,1
Nerre Therapeutics Ltd.,0,0,1
Nestmedic Spolka Akcyjna,0,0,1
"Neurable, Inc",0,0,1
"Neuraly, Inc.",0,0,1
"NeuraStasis, Inc",0,0,1
Neurecon BV,0,0,1
"Neurelis, Inc.",0,0,1
Neurim Pharmaceuticals Ltd.,0,1,1
"Neurive Co.,Ltd.",0,0,1
Neuro Group XR Inc.,0,0,1
NeuroBrave ltd.,0,0,1
Neuroelectrics Corporation,0,0,1
Neuromotion Labs,0,0,1
NeuroSense Therapeutics Ltd.,0,0,1
NeuroThera DE,0,0,1
NeuroVasc Technologies,0,0,1
"New England Cell Therapeutics, Inc.",0,0,1
Newel Health SRL,0,0,1
"NexEos Diagnostics, Inc.",0,0,1
Nexus Wise Sdn Bhd,0,0,1
"NFlection Therapeutics, Inc.",0,0,1
"Niche Biomedical, Inc. dba ANEUVO",0,0,1
Nicolas Gninenko,0,0,1
"Nicole Stevens, PhD",0,0,1
Nidek Co. LTD.,0,0,1
"Nido Biosciences, Inc.",0,0,1
NightWare,0,0,1
"Nihon Medi-Physics Co., Ltd.",0,0,1
Nipro Medical Corporation,0,0,1
NIRA Innovations Inc.,0,0,1
Nirsum Labs,0,0,1
"Noah Pharmaceuticals, Inc.",0,0,1
Novatek Pharmaceuticals,0,0,1
Novozymes A/S,0,0,1
"NOWDiagnostics, Inc.",0,0,1
Noxopharm Limited,0,0,1
Nutraceutical Wellness Inc.,0,0,1
"NutriScience Innovations, LLC",0,0,1
"Nuwellis, Inc.",0,0,1
NW PharmaTech Ltd,0,0,1
"Nxera Pharma Korea Co., Ltd.",0,1,1
NXTVSION SDN. BHD.,0,0,1
"OBELAB, Inc.",0,0,1
"Ocellaris Pharma, Inc.",0,0,1
Odix,0,0,1
Omeicos Therapeutics GmbH,0,0,1
OpenBCI,0,0,1
Oppilan Pharma Ltd,0,0,1
Optain Health,0,0,1
Optima Integrated Health,0,0,1
"OPTOSURGICAL, LLC",0,0,1
"Origin Medical Systems, Inc.",0,0,1
"Osteal Therapeutics, Inc.",0,0,1
"Otis Dental, LLC",0,0,1
Otolith Labs,0,0,1
"OvaryIt, LLC",0,0,1
P1vital Products Limited,0,0,1
Padagis LLC,0,1,1
Palleos Healthcare GmbH,0,0,1
Pancap Pharma Inc.,0,0,1
Paragate Medical LTD,0,0,1
Paratek Pharmaceuticals Inc,0,0,1
Parea INC dba Cool as a Cucumber,0,0,1
Parlay Wellness,0,0,1
PDS Biotechnology Corp.,0,1,1
Pegavision Corporation,0,0,1
Perfuze,0,0,1
Perha Pharmaceuticals,0,0,1
Perimeter Medical Imaging,0,0,1
Persica Pharmaceuticals Ltd,0,0,1
PHARMAFINA,0,0,1
Pharmasaga Co. Ltd.,0,0,1
Phio Pharmaceuticals Inc.,0,0,1
Phonix Health,0,0,1
photonamic GmbH & Co. KG,0,0,1
"Photonica USA, LLC",0,0,1
"PhotoPharmics, Inc.",0,0,1
Phynova Group Ltd,0,0,1
"Pico Entech Co., Ltd.",0,0,1
Pixacare,0,0,1
Pneumacare Ltd,0,0,1
Polynoma LLC,0,1,1
Portal Access Ltd.,0,0,1
Positrigo AG,0,0,1
"Praxis Bioresearch, LLC",0,0,1
Premier G Med Cardio Kft,0,0,1
"Presage Technologies, Inc.",0,0,1
Pression,0,0,1
Principal Engineering s.r.o.,0,0,1
PRInnovation GmbH,0,0,1
Processa Pharmaceuticals,0,0,1
"Progenics Pharmaceuticals, Inc.",0,0,1
Prolong Pharmaceuticals,0,0,1
ProstaCare Pty Ltd,0,0,1
Protego Biopharma Pty Ltd,0,0,1
Protembis GmbH,0,0,1
"Q2i, LLC",0,0,1
QL Biopharmaceutical Australia Pty Ltd,0,0,1
"QOL Medical, LLC",0,0,1
"QSAM Therapeutics, Inc.",0,0,1
"Quantum Applied Science & Research, Inc.",0,0,1
Quantum Biopharma,0,0,1
Quantum Surgical,0,0,1
Quit Center LLC,0,0,1
Quit Genius,0,1,1
"Quivive Pharma, Inc.",0,0,1
Reconnect Labs,0,0,1
"REDNVIA Co., Ltd.",0,1,1
Regenosca SA,0,0,1
Remote Cardiac Enablement,0,0,1
RenovoDerm,0,0,1
Repolar Pharmaceuticals Oy,0,0,1
"ResBiotic Nutrition, Inc.",0,0,1
Resilia Inc.,0,0,1
ResoTher Pharma,0,0,1
Respirion Pharmaceuticals Pty Ltd,0,0,1
Response Pharmaceuticals,0,0,1
Respyr,0,0,1
Restech Srl,0,0,1
Revamp Medical Inc.,0,0,1
Revamp Medical Ltd.,0,0,1
Reveal Pharmaceuticals Inc.,0,0,1
"Revelation Biosciences, Inc",0,0,1
"ReveraGen BioPharma, Inc.",0,0,1
Revlis Biotech Company Limited,0,0,1
Revolo Biotherapeutics,0,0,1
Richmond Pharmacology Limited,0,0,1
Rigen Biotech,0,0,1
Robert Bosch GmbH,0,0,1
"Rock BioMedical, Inc.",0,0,1
Rockfield Medical Devices,0,0,1
Rolf Kullgren AB,0,0,1
Rose Pharma Inc,0,0,1
RS Arastirma Egitim Danismanlik Ilac Sanayi Ticaret A.S.,0,0,1
RS Oncology LLC,0,0,1
SACIMEX,0,0,1
Sacsh,0,0,1
Samson Clinical Operations Pty Ltd,0,1,1
Sana Health,0,0,1
Sanotize Research and Development corp.,0,0,1
Sarah Wragge Wellness,0,0,1
"SATO Pharmaceutical Co., Ltd.",0,0,1
Saving Patients' Lives Medical B.V.,0,1,1
"Scilex Pharmaceuticals, Inc.",0,0,1
"scPharmaceuticals, Inc.",0,0,1
"Scynexis, Inc.",0,1,1
Seaborough Life Science B.V.,0,0,1
SEEUS95 Inc,0,0,1
Seger Surgical Solutions,0,0,1
Seikagaku Corporation,0,1,1
Selecxine,0,0,1
"Senju Pharmaceutical Science & Technology (Beijing) Co., Ltd.",0,1,1
"Sensei Biotherapeutics, Inc.",0,0,1
SERDA bv,0,0,1
Sermonix Pharmaceuticals Inc.,0,0,1
"Shandong Qilu Cell Therapy Engineering Technology Co., Ltd",0,0,1
"Shandong Sibote Biotechnology Co., Ltd.",0,0,1
"Shanghai Kanda Biotechnology Co., Ltd.",0,0,1
Shaperon,0,0,1
"Shasqi, Inc.",0,0,1
SHEN.AI spółka z ograniczoną odpowiedzialnością oddział w Polsce,0,0,1
Shenyang Jinghua Hospital,0,0,1
"Shenzhen Hygieia Biotech Co., Ltd",0,0,1
"Shenzhen Protgen Co., Ltd.",0,0,1
Shield Therapeutics,0,1,1
"Shineway Pharmaceutical Co.,Ltd",0,1,1
"Shuttle Pharmaceuticals, Inc.",0,0,1
"Signal House Co., Ltd.",0,0,1
SignalChem Lifesciences Corporation,0,0,1
Sigvaris France,0,0,1
Silq Technologies Corporation,0,0,1
Silver Creek Pharmaceuticals,0,0,1
"SimpleC, LLC",0,0,1
"Sinovac Research and Development Co., Ltd.",0,0,1
"Siolta Therapeutics, Inc.",0,0,1
Sixera Pharma,0,0,1
"SK Chemicals Co., Ltd.",0,0,1
Smart Alfa Teknoloji San. ve Tic. A.S.,0,0,1
"Smartlens, Inc.",0,0,1
Sobereye Inc.,0,0,1
Società Generale delle Acque Minerali S.p.A.,0,0,1
Soranus ArGe ve Danismanlik Hizmetleri Sanayi Ticaret A.S.,0,0,1
Sorridi Therapeutics,0,0,1
"South Rampart Pharma, Inc.",0,0,1
"ST Pharm Co., Ltd.",0,0,1
Stallergenes Greer,0,1,1
Stan Kachnowski,0,0,1
Stimdia Medical Inc.,0,0,1
"Sumitomo Pharma Co., Ltd.",0,0,1
Superlune Inc. d/b/a Two Moons Health,0,0,1
Sustained Therapeutics Inc.,0,0,1
Sutura Medical Technology LLC,0,0,1
"Suzhou Hechun Medical Technology Co., Ltd.",0,0,1
"Suzhou Raymon Pharmaceuticals Company, Ltd.",0,0,1
SWIMS America Corp.,0,0,1
Swiss Footcare Laboratories - Poderm Professional,0,0,1
"Sydnexis, Inc.",0,1,1
Synairgen Research Ltd.,0,0,1
Synartro AB,0,0,1
Synbiotec Srl,0,0,1
Synergia Medical,0,0,1
"Synermore Biologics Co., Ltd.",0,0,1
Syntis Bio,0,0,1
Syqe Medical,0,0,1
"T-ACE Medical Co., Ltd",0,0,1
Talkspace,0,0,1
Tanabe Pharma GmbH,0,0,1
Tarsier Pharma,0,1,1
"Techcyte, Inc.",0,0,1
Technoderma Medicines Inc.,0,0,1
"Tempero Bio, Inc.",0,0,1
Tempo Therapeutics,0,0,1
TENTECH INC.,0,0,1
Tenvos Inc.,0,0,1
Terumo BCT,0,0,1
Terumo Medical Corporation,0,0,1
The Better Brand Inc.,0,0,1
"The Emmes Company, LLC",0,0,1
The Insides Company,0,0,1
The Institute for Iterative Thinking,0,0,1
The Wave Innovation Group s.r.l.,0,0,1
"Therabody, Inc.",0,0,1
Theraclion,0,0,1
Theragnostics Ltd,0,0,1
"Therapex Co., Ltd",0,0,1
"ThinkSono, Ltd.",0,0,1
"Third Harmonic Bio, Inc.",0,0,1
Tiamat Australia Pty Ltd,0,0,1
"Tianjin Demax Medical Technology Co., Ltd",0,0,1
TM Nutrition LLC,0,0,1
ToeFX Inc.,0,0,1
"Tolerion, Inc.",0,0,1
TOLREMO therapeutics AG,0,0,1
Topas Therapeutics GmbH,0,0,1
Traditional Naturals Research Inc.,0,0,1
Translational Biosciences,0,0,1
Travera Inc,0,0,1
Treos Bio Limited,0,0,1
Tri.O Medical LTD,0,0,1
Triastek (Shanghai) Limited,0,0,1
Trio Medicines Ltd.,0,0,1
Triomed AB,0,0,1
"Trishula Therapeutics, Inc.",0,0,1
TSI Group LTD,0,0,1
Tympanogen,0,0,1
"Ultradent Products, Inc.",0,0,1
"Unither Pharmaceuticals, France",0,0,1
Urica Therapeutics Inc.,0,0,1
Urigen,0,0,1
"USWM, LLC (dba US WorldMeds)",0,0,1
UVISA Health ApS,0,0,1
VANDRIA,0,0,1
Vaxxas Pty Ltd,0,0,1
Veralox Therapeutics,0,0,1
Verigraft AB,0,0,1
Versameb AG,0,0,1
Vespina Lifesciences Inc.,0,0,1
Vial Australia Pty Ltd,0,0,1
Videja B.V.,0,0,1
"Vigorous Mind, Inc.",0,0,1
Vinbiocare Biotechnology Joint Stock Company,0,1,1
"Vireo Systems, Inc.",0,0,1
Virion Therapeutics,0,0,1
ViroGates A/S,0,0,1
Virometix,0,0,1
Visby Medical,0,0,1
Vitro Biopharma Inc.,0,0,1
VIVARDIS,0,0,1
Vivheart s.r.l.,0,0,1
Vivoptim Solutions,0,0,1
Vivoryon Therapeutics N.V.,0,0,1
Vyne Therapeutics Inc.,0,0,1
"WayBetter, Inc.",0,0,1
Wellumio R&D Australia Pty Ltd,0,0,1
Winclove B.V.,0,0,1
WMAS SpA,0,0,1
Xgene Pharmaceutical Group,0,1,1
Xintela AB,0,0,1
Xula Wellness LLC,0,0,1
"Yakult Honsha Co., LTD",0,0,1
"Yaopharma Co., Ltd.",0,0,1
Yellow Jersey Therapeutics AG,0,0,1
Yellowbird Diagnostics Inc,0,0,1
Zeria Pharmaceutical,0,1,1
Zevra Therapeutics,0,0,1
"Zhejiang Huahai Pharmaceutical Co., Ltd.",0,1,1
"Zhejiang Raytone Bioscience Co.,Ltd",0,0,1
"Zhejiang Yuejia Pharmaceuticals Co., Ltd.",0,0,1
Zi Diligence Biocenter,0,0,1
"ZOLL Circulation, Inc., USA",0,0,1
ZSX Medical LLC,0,0,1
"Zynex Medical, Inc.",0,0,1
ZYUS Life Sciences Inc.,0,0,1
"ZyVersa Therapeutics, Inc.",0,0,1